-- Inserir dados de exemplo na tabela Person
INSERT INTO LOL.Person (CCNumber, Name, Age) VALUES
-- Team Liquid
(10010001, 'Jensen', 25),
(10010002, 'Impact', 26),
(10010003, 'CoreJJ', 25),
(10010004, 'Santorin', 24),
(10010005, 'Alphari13', 21),
-- Cloud9
(10010006, 'Perkz', 23),
(10010007, 'Blaber', 22),
(10010008, 'Zven', 23),
(10010009, 'Vulcan', 24),
(10010010, 'Fudge', 22),
-- G2 Esports
(10010011, 'Caps', 22),
(10010012, 'Wunder', 22),
(10010013, 'Jankos', 25),
(10010014, 'Mikyx', 22),
(10010015, 'Rekkles', 24),
-- Fnatic
(10010016, 'Selfmade', 21),
(10010017, 'Bwipo', 22),
(10010018, 'Hylissang', 24),
(10010019, 'Teddyb', 23),
(10010020, 'Nisqy', 23),
-- T1
(10010021, 'Faker', 24),
(10010022, 'Canna', 21),
(10010023, 'Cuzz', 22),
(10010024, 'Teddy', 23),
(10010025, 'Keria', 20),
-- Royal Never Give Up
(10010026, 'Uzi', 23),
(10010027, 'Ming', 22),
(10010028, 'Wei', 21),
(10010029, 'Cryin', 23),
(10010030, 'Gala', 22),
-- Team SoloMid
(10010031, 'Doublelift', 27),
(10010032, 'Bjergsen', 24),
(10010033, 'SwordArt', 24),
(10010034, 'Spica', 21),
(10010035, 'Huni', 22),
-- Invictus Gaming
(10010036, 'TheShy', 22),
(10010037, 'JackeyLoveSong', 20),
(10010038, 'Rookie', 23),
(10010039, 'Ning', 22),
(10010040, 'Baolan', 22),
-- DRX
(10010041, 'Chovy', 21),
(10010042, 'Deft13', 23),
(10010043, 'Doran', 22),
(10010044, 'Pyosik', 21),
(10010045, 'Keriab', 20),
-- DAMWON Gaming
(10010046, 'Nuguri', 23),
(10010047, 'BeryL', 22),
(10010048, 'Canyon', 21),
(10010049, 'ShowMaker', 20),
(10010050, 'Ghost', 24),
-- Gen.G
(10010051, 'Ruler', 21),
(10010052, 'Clid', 22),
(10010053, 'Life', 22),
(10010054, 'Scout', 23),
(10010055, 'Viper', 21),
-- Evil Geniuses
(10010056, 'Hunib', 23),
(10010057, 'Svenskeren', 24),
(10010058, 'Jiizuke', 25),
(10010059, 'Bang', 24),
(10010060, 'Zeyzal', 23),
-- Misfits Gaming
(10010061, 'Kirei', 24),
(10010062, 'Dan Dan', 22),
(10010063, 'Febiven', 23),
(10010064, 'Kobbe', 24),
(10010065, 'Vander', 26),
-- Schalke 04
(10010066, 'Broken Blade', 21),
(10010067, 'Gilius', 24),
(10010068, 'Nuclear', 23),
(10010069, 'Neon', 22),
(10010070, 'Dreams', 25),
-- KT Rolster
(10010071, 'Smeb', 25),
(10010072, 'Score', 27),
(10010073, 'PawN', 24),
(10010074, 'Deft', 23),
(10010075, 'Mata', 26),
-- Hanwha Life Esports
(10010076, 'CuVee', 24),
(10010077, 'Haru', 23),
(10010078, 'Tempt', 22),
(10010079, 'Vsta', 21),
(10010080, 'Lehends', 22),
-- FunPlus Phoenix
(10010081, 'GimGoon', 24),
(10010082, 'Tian', 21),
(10010083, 'Doinb', 23),
(10010084, 'Lwx', 22),
(10010085, 'Crisp', 23),
-- JD Gaming
(10010086, 'Zoom', 22),
(10010087, 'Kanavi', 21),
(10010088, 'Yagao', 23),
(10010089, 'LokeN', 22),
(10010090, 'LvMao', 24),
-- 100 Thieves
(10010091, 'Ssumday', 23),
(10010092, 'Meteos', 25),
(10010093, 'Ryoma', 21),
(10010094, 'Cody Sun', 22),
(10010095, 'Stunt', 23),
-- Counter Logic Gaming
(10010096, 'Ruin', 23),
(10010097, 'Wiggily', 22),
(10010098, 'Pobelter', 24),
(10010099, 'Stixxay', 23),
(10010100, 'Biofrost', 24),
-- Origen
(10010101, 'Alphari', 22),
(10010102, 'Xerxe', 21),
(10010103, 'Nukeduck', 23),
(10010104, 'Upset', 22),
(10010105, 'Destiny', 21),
-- SANDBOX Gaming
(10010106, 'Summit', 22),
(10010107, 'OnFleek', 21),
(10010108, 'FATE', 22),
(10010109, 'Route', 21),
(10010110, 'GorillA', 24),
-- Top Esports
(10010111, '369', 21),
(10010112, 'Karsa', 24),
(10010113, 'Knight', 21),
(10010114, 'JackeyLove', 22),
(10010115, 'yuyanjia', 23),
-- Rogue
(10010116, 'Finn', 22),
(10010117, 'Inspired', 21),
(10010118, 'Larssen', 22),
(10010119, 'Hans sama', 23),
(10010120, 'Vanderle', 26),
-- Coaches
(10020001, 'Cain', 30),
(10020002, 'Reapered', 31),
(10020003, 'GrabbZ', 29),
(10020004, 'YamatoCannon', 28),
(10020005, 'kkOma', 32),
(10020006, 'Heart', 30),
(10020007, 'Zefa', 32),
(10020008, 'RapidStar', 30),
(10020009, 'Dandy', 28),
(10020010, 'Comet', 29),
(10020011, 'Acorn', 32),
(10020012, 'PoohManDu', 33),
(10020013, 'Amazingx', 35),
(10020014, 'Inero', 36),
(10020015, 'Zefa', 34),
(10020016, 'Coach Hanwha', 33),
(10020017, 'WarHorse', 37),
(10020018, 'Homme', 35),
(10020019, 'Zikz', 34),
(10020020, 'Ssong', 36),
(10020021, 'Guilhoto', 35),
(10020022, 'Micro', 34),
(10020023, 'Crescent', 36),
(10020024, 'Freddy122', 33),

-- Owners
(10030001, 'Steve Arhancet', 40),
(10030002, 'Jack Etienne', 42),
(10030003, 'Carlos Rodriguez', 33),
(10030004, 'Sam Mathews', 35),
(10030005, 'Joe Marsh', 37),
(10030006, 'Zhang Guohao', 39),
(10030007, 'Andy Dinh', 28),
(10030008, 'Wang Sicong', 32),
(10030009, 'Choi Sang-in', 36),
(10030010, 'Lee Myung-kyun', 34),
(10030011, 'Chun-sam Kim', 38),
(10030012, 'Nicole LaPointe Jameson', 31),
(10030013, 'Ben Spoont', 38),
(10030014, 'Tim Reichert', 39),
(10030015, 'Choi Yoon-seok', 40),
(10030016, 'Lee Ji-hoon', 41),
(10030017, 'Bing Yuan', 42),
(10030018, 'Xie Feng', 38),
(10030019, 'Matthew "Nadeshot" Haag', 37),
(10030020, 'George Geddes', 36),
(10030021, 'Martin "Deficio" Lynge', 35),
(10030022, 'Lee Seung-hwan', 39),
(10030023, 'Jiang Xincheng', 41),
(10030024, 'David "DLim" Lim', 36);


-- Inserir dados de exemplo na tabela Owner
INSERT INTO LOL.Owner (CCNumber) VALUES
(10030001),
(10030002),
(10030003),
(10030004),
(10030005),
(10030006),
(10030007),
(10030008),
(10030009),
(10030010),
(10030011),
(10030012),
(10030013), 
(10030014), 
(10030015), 
(10030016), 
(10030017), 
(10030018), 
(10030019), 
(10030020), 
(10030021), 
(10030022), 
(10030023), 
(10030024); 

-- Inserir dados de exemplo na tabela Coachs
INSERT INTO LOL.Coachs (CCNumber) VALUES
(10020001),
(10020002),
(10020003),
(10020004),
(10020005),
(10020006),
(10020007),
(10020008),
(10020009),
(10020010),
(10020011),
(10020012),
(10020013), 
(10020014), 
(10020015), 
(10020016), 
(10020017), 
(10020018), 
(10020019), 
(10020020), 
(10020021), 
(10020022), 
(10020023), 
(10020024); 

-- Inserir dados de exemplo na tabela League
INSERT INTO LOL.League (ID, Name) VALUES
(1, 'LCS'),
(2, 'LEC'),
(3, 'LCK'),
(4, 'LPL');


-- Inserir dados de exemplo na tabela Team
INSERT INTO LOL.Team (ID, Name, Region, Total_Earnings, Sponsors, Coach_CCNumber,League_ID) VALUES
(1, 'Team Liquid', 'NA', 1000000, 'Monster', 10020001,1),
(2, 'Cloud9', 'NA', 900000, 'Red Bull', 10020002,1),
(3, 'G2 Esports', 'EU', 1100000, 'Logitech', 10020003,2),
(4, 'Fnatic', 'EU', 950000, 'BMW', 10020004,2),
(5, 'T1', 'KR', 1200000, 'SK Telecom', 10020005,3),
(6, 'Royal Never Give Up', 'CN', 1150000, 'LPL', 10020006,4),
(7, 'Team SoloMid', 'NA', 1050000, 'Geico', 10020007,1),
(8, 'Invictus Gaming', 'CN', 1120000, 'Dove', 10020008,4),
(9, 'DRX', 'KR', 1080000, 'Hyundai', 10020009,3),
(10, 'DAMWON Gaming', 'KR', 1170000, 'Nike', 10020010,3),
(11, 'Gen.G', 'KR', 1000000, 'Samsung', 10020011,3),
(12, 'Evil Geniuses', 'NA', 950000, 'Twitch', 10020012,1),
(13, 'Misfits Gaming', 'EU', 800000, 'Rogue', 10020013, 2),
(14, 'Schalke 04', 'EU', 750000, 'T-Mobile', 10020014, 2),
(15, 'KT Rolster', 'KR', 950000, 'KT Corporation', 10020015, 3),
(16, 'Hanwha Life Esports', 'KR', 850000, 'Hanwha', 10020016, 3),
(17, 'FunPlus Phoenix', 'CN', 1050000, 'FunPlus', 10020017, 4),
(18, 'JD Gaming', 'CN', 1000000, 'JD.com', 10020018, 4),
(19, '100 Thieves', 'NA', 980000, 'Rocket Mortgage', 10020019, 1),
(20, 'Counter Logic Gaming', 'NA', 920000, 'Chipotle', 10020020, 1),
(21, 'Origen', 'EU', 940000, 'Audi', 10020021, 2),
(22, 'SANDBOX Gaming', 'KR', 970000, 'SBX', 10020022, 4),
(23, 'Top Esports', 'CN', 1100000, 'Douyu', 10020023, 4),
(24, 'Rogue', 'EU', 890000, 'Kappa', 10020024, 2);

-- Inserir dados de exemplo na tabela Player
INSERT INTO LOL.Player (CCNumber, nickname, realname, Roles, Ranks, MainChampion, earnings, teamname) VALUES
-- Team Liquid
(10010001, 'Jensen', 'Nicolaj Jensen', 'Mid', 'Challenger', 'LeBlanc', 300000, 'Team Liquid'),
(10010002, 'Impact', 'Jeong Eon-yeong', 'Top', 'Challenger', 'Gangplank', 320000, 'Team Liquid'),
(10010003, 'CoreJJ', 'Jo Yong-in', 'Support', 'Challenger', 'Thresh', 200000, 'Team Liquid'),
(10010004, 'Santorin', 'Lucas Tao Kilmer Larsen', 'Jungle', 'Challenger', 'Trundle', 250000, 'Team Liquid'),
(10010005, 'Alphari13', 'Barney Morris', 'Top', 'Challenger', 'Gnar', 220000, 'Team Liquid'),
-- Cloud9
(10010006, 'Perkz', 'Luka Perković', 'Mid', 'Challenger', 'Akali', 320000, 'Cloud9'),
(10010007, 'Blaber', 'Robert Huang', 'Jungle', 'Challenger', 'Graves', 200000, 'Cloud9'),
(10010008, 'Zven', 'Jesper Svenningsen', 'ADC', 'Challenger', 'Ashe', 210000, 'Cloud9'),
(10010009, 'Vulcan', 'Philippe Laflamme', 'Support', 'Challenger', 'Alistar', 180000, 'Cloud9'),
(10010010, 'Fudge', 'Ibrahim Allami', 'Top', 'Challenger', 'Renekton', 190000, 'Cloud9'),
-- G2 Esports
(10010011, 'Caps', 'Rasmus Winther', 'Mid', 'Challenger', 'Irelia', 350000, 'G2 Esports'),
(10010012, 'Wunder', 'Martin Hansen', 'Top', 'Challenger', 'Camille', 300000, 'G2 Esports'),
(10010013, 'Jankos', 'Marcin Jankowski', 'Jungle', 'Challenger', 'Olaf', 310000, 'G2 Esports'),
(10010014, 'Mikyx', 'Mihael Mehle', 'Support', 'Challenger', 'Rakan', 250000, 'G2 Esports'),
(10010015, 'Rekkles', 'Carl Martin Erik Larsson', 'ADC', 'Challenger', 'Lucian', 340000, 'G2 Esports'),
-- Fnatic
(10010016, 'Selfmade', 'Oskar Boderek', 'Jungle', 'Challenger', 'Evelynn', 240000, 'Fnatic'),
(10010017, 'Bwipo', 'Gabriel Rau', 'Top', 'Challenger', 'Volibear', 270000, 'Fnatic'),
(10010018, 'Hylissang', 'Zdravets Iliev Galabov', 'Support', 'Challenger', 'Pyke', 220000, 'Fnatic'),
(10010019, 'Teddyb', 'Park Jin-seong', 'ADC', 'Challenger', 'Ezreal', 250000, 'Fnatic'),
(10010020, 'Nisqy', 'Yasin Dinçer', 'Mid', 'Challenger', 'Syndra', 230000, 'Fnatic'),
-- T1
(10010021, 'Faker', 'Lee Sang-hyeok', 'Mid', 'Challenger', 'Zed', 500000, 'T1'),
(10010022, 'Canna', 'Kim Chang-dong', 'Top', 'Challenger', 'Sett', 300000, 'T1'),
(10010023, 'Cuzz', 'Moon Woo-chan', 'Jungle', 'Challenger', 'Lee Sin', 320000, 'T1'),
(10010024, 'Teddy', 'Park Jin-seong', 'ADC', 'Challenger', 'Aphelios', 310000, 'T1'),
(10010025, 'Keria', 'Ryu Min-seok', 'Support', 'Challenger', 'Braum', 290000, 'T1'),
-- Royal Never Give Up
(10010026, 'Uzi', 'Jian Zihao', 'ADC', 'Challenger', 'Vayne', 400000, 'Royal Never Give Up'),
(10010027, 'Ming', 'Shi Sen-Ming', 'Support', 'Challenger', 'Thresh', 350000, 'Royal Never Give Up'),
(10010028, 'Wei', 'Yan Yang-Wei', 'Jungle', 'Challenger', 'Xin Zhao', 320000, 'Royal Never Give Up'),
(10010029, 'Cryin', 'Yuan Cheng-Wei', 'Mid', 'Challenger', 'Galio', 330000, 'Royal Never Give Up'),
(10010030, 'Gala', 'Chen Wei', 'ADC', 'Challenger', 'KaiSa', 340000, 'Royal Never Give Up'),
-- Team SoloMid
(10010031, 'Doublelift', 'Yiliang Peng', 'ADC', 'Challenger', 'Tristana', 380000, 'Team SoloMid'),
(10010032, 'Bjergsen', 'Søren Bjerg', 'Mid', 'Challenger', 'Zoe', 370000, 'Team SoloMid'),
(10010033, 'SwordArt', 'Hu Shuo-Chieh', 'Support', 'Challenger', 'Leona', 350000, 'Team SoloMid'),
(10010034, 'Spica', 'Lu Mingshu', 'Jungle', 'Challenger', 'Sejuani', 340000, 'Team SoloMid'),
(10010035, 'Huni', 'Heo Seung-hoon', 'Top', 'Challenger', 'Gangplank', 320000, 'Team SoloMid'),
-- Invictus Gaming
(10010036, 'TheShy', 'Kang Seung-lok', 'Top', 'Challenger', 'Aatrox', 360000, 'Invictus Gaming'),
(10010037, 'JackeyLoveSong', 'Yu Wen-Bo', 'ADC', 'Challenger', 'KaiSa', 350000, 'Invictus Gaming'),
(10010038, 'Rookie', 'Song Eui-jin', 'Mid', 'Challenger', 'LeBlanc', 370000, 'Invictus Gaming'),
(10010039, 'Ning', 'Gao Zhen-Ning', 'Jungle', 'Challenger', 'Graves', 340000, 'Invictus Gaming'),
(10010040, 'Baolan', 'Wang Liu-Yi', 'Support', 'Challenger', 'Rakan', 330000, 'Invictus Gaming'),
-- DRX
(10010041, 'Chovy', 'Jeong Ji-hoon', 'Mid', 'Challenger', 'Sylas', 340000, 'DRX'),
(10010042, 'Deft13', 'Kim Hyuk-kyu', 'ADC', 'Challenger', 'Jhin', 330000, 'DRX'),
(10010043, 'Doran', 'Choi Hyeon-joon', 'Top', 'Challenger', 'Renekton', 310000, 'DRX'),
(10010044, 'Pyosik', 'Hong Chang-hyeon', 'Jungle', 'Challenger', 'Kayn', 320000, 'DRX'),
(10010045, 'Keriab', 'Ryu Min-seok', 'Support', 'Challenger', 'Tahm Kench', 300000, 'DRX'),
-- DAMWON Gaming
(10010046, 'Nuguri', 'Jang Ha-gwon', 'Top', 'Challenger', 'Kennen', 370000, 'DAMWON Gaming'),
(10010047, 'BeryL', 'Jang Gyeong-hwan', 'Support', 'Challenger', 'Pantheon', 330000, 'DAMWON Gaming'),
(10010048, 'Canyon', 'Kim Geon-bu', 'Jungle', 'Challenger', 'Nidalee', 340000, 'DAMWON Gaming'),
(10010049, 'ShowMaker', 'Heo Su', 'Mid', 'Challenger', 'Twisted Fate', 350000, 'DAMWON Gaming'),
(10010050, 'Ghost', 'Jang Yong-jun', 'ADC', 'Challenger', 'Jhin', 330000, 'DAMWON Gaming'),
-- Gen.G
(10010051, 'Ruler', 'Park Jae-hyuk', 'ADC', 'Challenger', 'Xayah', 360000, 'Gen.G'),
(10010052, 'Clid', 'Kim Tae-min', 'Jungle', 'Challenger', 'Lee Sin', 350000, 'Gen.G'),
(10010053, 'Life', 'Kim Jeong-min', 'Support', 'Challenger', 'Braum', 340000, 'Gen.G'),
(10010054, 'Scout', 'Lee Ye-chan', 'Mid', 'Challenger', 'Orianna', 370000, 'Gen.G'),
(10010055, 'Viper', 'Park Do-hyeon', 'ADC', 'Challenger', 'Ezreal', 330000, 'Gen.G'),
-- Evil Geniuses
(10010056, 'Hunib', 'Heo Seung-hoon', 'Top', 'Challenger', 'Rumble', 340000, 'Evil Geniuses'),
(10010057, 'Svenskeren', 'Dennis Johnsen', 'Jungle', 'Challenger', 'KhaZix', 330000, 'Evil Geniuses'),
(10010058, 'Jiizuke', 'Daniele di Mauro', 'Mid', 'Challenger', 'Ekko', 320000, 'Evil Geniuses'),
(10010059, 'Bang', 'Bae Jun-sik', 'ADC', 'Challenger', 'Miss Fortune', 310000, 'Evil Geniuses'),
(10010060, 'Zeyzal', 'Tristan Stidam', 'Support', 'Challenger', 'Thresh', 300000, 'Evil Geniuses'),
-- Misfits Gaming
(10010061, 'Kirei', 'Thomas Yuen', 'Jungle', 'Challenger', 'Nidalee', 290000, 'Misfits Gaming'),
(10010062, 'Dan Dan', 'Andrei Pascu', 'Top', 'Challenger', 'Aatrox', 270000, 'Misfits Gaming'),
(10010063, 'Febiven', 'Fabian Diepstraten', 'Mid', 'Challenger', 'LeBlanc', 300000, 'Misfits Gaming'),
(10010064, 'Kobbe', 'Kasper Kobberup', 'ADC', 'Challenger', 'KaiSa', 310000, 'Misfits Gaming'),
(10010065, 'Vander', 'Oskar Bogdan', 'Support', 'Challenger', 'Thresh', 250000, 'Misfits Gaming'),

-- Schalke 04
(10010066, 'Broken Blade', 'Sergen Çelik', 'Top', 'Challenger', 'Camille', 320000, 'Schalke 04'),
(10010067, 'Gilius', 'Erberk Demir', 'Jungle', 'Challenger', 'Graves', 300000, 'Schalke 04'),
(10010068, 'Nuclear', 'Shin Jung-hyun', 'Mid', 'Challenger', 'Viktor', 310000, 'Schalke 04'),
(10010069, 'Neon', 'Matúš Jakubčík', 'ADC', 'Challenger', 'Jhin', 290000, 'Schalke 04'),
(10010070, 'Dreams', 'Han Min-kook', 'Support', 'Challenger', 'Rakan', 270000, 'Schalke 04'),

-- KT Rolster
(10010071, 'Smeb', 'Song Kyung-ho', 'Top', 'Challenger', 'Jayce', 340000, 'KT Rolster'),
(10010072, 'Score', 'Go Dong-bin', 'Jungle', 'Challenger', 'Lee Sin', 330000, 'KT Rolster'),
(10010073, 'PawN', 'Heo Won-seok', 'Mid', 'Challenger', 'Orianna', 320000, 'KT Rolster'),
(10010074, 'Deft', 'Kim Hyuk-kyu', 'ADC', 'Challenger', 'Ezreal', 350000, 'KT Rolster'),
(10010075, 'Mata', 'Jo Se-hyeong', 'Support', 'Challenger', 'Alistar', 300000, 'KT Rolster'),

-- Hanwha Life Esports
(10010076, 'CuVee', 'Lee Seong-jin', 'Top', 'Challenger', 'Gnar', 310000, 'Hanwha Life Esports'),
(10010077, 'Haru', 'Kang Min-seung', 'Jungle', 'Challenger', 'Jarvan IV', 290000, 'Hanwha Life Esports'),
(10010078, 'Tempt', 'Kang Myung-gu', 'Mid', 'Challenger', 'Twisted Fate', 300000, 'Hanwha Life Esports'),
(10010079, 'Vsta', 'Oh Hyo-seong', 'ADC', 'Challenger', 'Ashe', 280000, 'Hanwha Life Esports'),
(10010080, 'Lehends', 'Son Si-woo', 'Support', 'Challenger', 'Braum', 270000, 'Hanwha Life Esports'),

-- FunPlus Phoenix
(10010081, 'GimGoon', 'Kim Han-saem', 'Top', 'Challenger', 'Fiora', 350000, 'FunPlus Phoenix'),
(10010082, 'Tian', 'Gao Tian-liang', 'Jungle', 'Challenger', 'Lee Sin', 330000, 'FunPlus Phoenix'),
(10010083, 'Doinb', 'Kim Tae-sang', 'Mid', 'Challenger', 'Rumble', 360000, 'FunPlus Phoenix'),
(10010084, 'Lwx', 'Lin Wei-xiang', 'ADC', 'Challenger', 'KaiSa', 340000, 'FunPlus Phoenix'),
(10010085, 'Crisp', 'Liu Qing-song', 'Support', 'Challenger', 'Tahm Kench', 310000, 'FunPlus Phoenix'),

-- JD Gaming
(10010086, 'Zoom', 'Zhang Xing-ran', 'Top', 'Challenger', 'Renekton', 330000, 'JD Gaming'),
(10010087, 'Kanavi', 'Seo Jin-hyeok', 'Jungle', 'Challenger', 'Kindred', 320000, 'JD Gaming'),
(10010088, 'Yagao', 'Zhuo Zi-chao', 'Mid', 'Challenger', 'LeBlanc', 310000, 'JD Gaming'),
(10010089, 'LokeN', 'Lee Dong-wook', 'ADC', 'Challenger', 'Varus', 300000, 'JD Gaming'),
(10010090, 'LvMao', 'Zuo Ming-hao', 'Support', 'Challenger', 'Thresh', 290000, 'JD Gaming'),

-- 100 Thieves
(10010091, 'Ssumday', 'Kim Chan-ho', 'Top', 'Challenger', 'Ornn', 320000, '100 Thieves'),
(10010092, 'Meteos', 'William Hartman', 'Jungle', 'Challenger', 'Zac', 300000, '100 Thieves'),
(10010093, 'Ryoma', 'Tommy Le', 'Mid', 'Challenger', 'Syndra', 290000, '100 Thieves'),
(10010094, 'Cody Sun', 'Sun Li-yu', 'ADC', 'Challenger', 'Aphelios', 310000, '100 Thieves'),
(10010095, 'Stunt', 'Philippe Ha', 'Support', 'Challenger', 'Leona', 280000, '100 Thieves'),

-- Counter Logic Gaming
(10010096, 'Ruin', 'Kim Hyeong-min', 'Top', 'Challenger', 'Aatrox', 310000, 'Counter Logic Gaming'),
(10010097, 'Wiggily', 'Raymond Griffin', 'Jungle', 'Challenger', 'Olaf', 290000, 'Counter Logic Gaming'),
(10010098, 'Pobelter', 'Eugene Park', 'Mid', 'Challenger', 'Ahri', 300000, 'Counter Logic Gaming'),
(10010099, 'Stixxay', 'Trevor Hayes', 'ADC', 'Challenger', 'Xayah', 310000, 'Counter Logic Gaming'),
(10010100, 'Biofrost', 'Vincent Wang', 'Support', 'Challenger', 'Rakan', 280000, 'Counter Logic Gaming'),

-- Origen
(10010101, 'Alphari', 'Barney Morris', 'Top', 'Challenger', 'Kennen', 320000, 'Origen'),
(10010102, 'Xerxe', 'Andrei Dragomir', 'Jungle', 'Challenger', 'Gragas', 310000, 'Origen'),
(10010103, 'Nukeduck', 'Erlend Våtevik Holm', 'Mid', 'Challenger', 'Cassiopeia', 300000, 'Origen'),
(10010104, 'Upset', 'Elias Lipp', 'ADC', 'Challenger', 'KaiSa', 330000, 'Origen'),
(10010105, 'Destiny', 'Mitchell Shaw', 'Support', 'Challenger', 'Nautilus', 280000, 'Origen'),

-- SANDBOX Gaming
(10010106, 'Summit', 'Park Woo-tae', 'Top', 'Challenger', 'Jayce', 310000, 'SANDBOX Gaming'),
(10010107, 'OnFleek', 'Kim Jang-gyeom', 'Jungle', 'Challenger', 'Olaf', 290000, 'SANDBOX Gaming'),
(10010108, 'FATE', 'Yoo Su-hyeok', 'Mid', 'Challenger', 'Azir', 300000, 'SANDBOX Gaming'),
(10010109, 'Route', 'Moon Geom-su', 'ADC', 'Challenger', 'Kalista', 310000, 'SANDBOX Gaming'),
(10010110, 'GorillA', 'Kang Beom-hyeon', 'Support', 'Challenger', 'Thresh', 280000, 'SANDBOX Gaming'),

-- Top Esports
(10010111, '369', 'Bai Jia-Hao', 'Top', 'Challenger', 'Camille', 320000, 'Top Esports'),
(10010112, 'Karsa', 'Hung Hau-Hsuan', 'Jungle', 'Challenger', 'Lee Sin', 310000, 'Top Esports'),
(10010113, 'Knight', 'Zhuo Ding', 'Mid', 'Challenger', 'Syndra', 330000, 'Top Esports'),
(10010114, 'JackeyLove', 'Yu Wen-Bo', 'ADC', 'Challenger', 'KaiSa', 340000, 'Top Esports'),
(10010115, 'yuyanjia', 'Zhuo Li', 'Support', 'Challenger', 'Thresh', 300000, 'Top Esports'),

-- Rogue
(10010116, 'Finn', 'Finn Wiestål', 'Top', 'Challenger', 'Aatrox', 290000, 'Rogue'),
(10010117, 'Inspired', 'Kacper Słoma', 'Jungle', 'Challenger', 'Graves', 280000, 'Rogue'),
(10010118, 'Larssen', 'Emil Larsson', 'Mid', 'Challenger', 'Orianna', 300000, 'Rogue'),
(10010119, 'Hans sama', 'Steven Liv', 'ADC', 'Challenger', 'Draven', 310000, 'Rogue'),
(10010120, 'Vanderle', 'Oskar Bogdan', 'Support', 'Challenger', 'Thresh', 270000, 'Rogue');
-- Inserir dados de exemplo na tabela Store
INSERT INTO LOL.Store (ID, Name, Team_ID, Owner_CCNumber) VALUES
(5001, 'Team Liquid Store', 1, 10030001),
(5002, 'Cloud9 Store', 2, 10030002),
(5003, 'G2 Esports Store', 3, 10030003),
(5004, 'Fnatic Store', 4, 10030004),
(5005, 'T1 Store', 5, 10030005),
(5006, 'RNG Store', 6, 10030006),
(5007, 'TSM Store', 7, 10030007),
(5008, 'Invictus Store', 8, 10030008),
(5009, 'DRX Store', 9, 10030009),
(5010, 'DAMWON Store', 10, 10030010),
(5011, 'Gen.G Store', 11, 10030011),
(5012, 'EG Store', 12, 10030012),
(5013, 'Misfits Gaming Store', 13, 10030013),
(5014, 'Schalke 04 Store', 14, 10030014),
(5015, 'KT Rolster Store', 15, 10030015),
(5016, 'Hanwha Life Esports Store', 16, 10030016),
(5017, 'FunPlus Phoenix Store', 17, 10030017),
(5018, 'JD Gaming Store', 18, 10030018),
(5019, '100 Thieves Store', 19, 10030019),
(5020, 'CLG Store', 20, 10030020),
(5021, 'Origen Store', 21, 10030021),
(5022, 'Sandbox Gaming Store', 22, 10030022),
(5023, 'Top Esports Store', 23, 10030023),
(5024, 'Rogue Store', 24, 10030024);

-- Inserir dados de exemplo na tabela Product
INSERT INTO LOL.Product (ID, Name, Price, Sizes, Types, Store_ID, Stock) VALUES
(6001, 'Team Liquid Jersey', 70, 'XL', 'Apparel', 5001, 5),
(6002, 'Cloud9 Jersey', 60, 'M', 'Apparel', 5002, 6),
(6003, 'G2 Esports Jersey', 90, 'L', 'Apparel', 5003, 7),
(6004, 'Fnatic Jersey', 30, 'L', 'Apparel', 5004, 1),
(6005, 'T1 Jersey', 50, 'M', 'Apparel', 5005, 3),
(6006, 'RNG Jersey', 10, 'XL', 'Apparel', 5006, 5),
(6007, 'TSM Jersey', 65, 'L', 'Apparel', 5007, 4),
(6008, 'Invictus Gaming Jersey', 55, 'M', 'Apparel', 5008, 6),
(6009, 'DRX Jersey', 45, 'L', 'Apparel', 5009, 3),
(6010, 'DAMWON Jersey', 60, 'M', 'Apparel', 5010, 2),
(6011, 'Gen.G Jersey', 50, 'XL', 'Apparel', 5011, 5),
(6012, 'EG Jersey', 40, 'L', 'Apparel', 5012, 4),
(6013, 'Team Liquid Cap', 25, 'L', 'Accessory', 5001, 10),
(6014, 'Team Liquid Hoodie', 80, 'M', 'Apparel', 5001, 8),
(6015, 'Team Liquid Mousepad', 20, 'L', 'Accessory', 5001, 15),

-- Cloud9 Store Products
(6016, 'Cloud9 Cap', 25, 'XL', 'Accessory', 5002, 12),
(6017, 'Cloud9 Hoodie', 75, 'S', 'Apparel', 5002, 9),
(6018, 'Cloud9 Mousepad', 20, 'L', 'Accessory', 5002, 14),

-- G2 Esports Store Products
(6019, 'G2 Esports Cap', 30, 'M', 'Accessory', 5003, 11),
(6020, 'G2 Esports Hoodie', 85, 'L', 'Apparel', 5003, 7),
(6021, 'G2 Esports Mousepad', 25, 'XL', 'Accessory', 5003, 13),

-- Fnatic Store Products
(6022, 'Fnatic Cap', 28, 'M', 'Accessory', 5004, 9),
(6023, 'Fnatic Hoodie', 70, 'S', 'Apparel', 5004, 8),
(6024, 'Fnatic Mousepad', 18, 'L', 'Accessory', 5004, 12),

-- T1 Store Products
(6025, 'T1 Cap', 27, 'L', 'Accessory', 5005, 10),
(6026, 'T1 Hoodie', 90, 'M', 'Apparel', 5005, 6),
(6027, 'T1 Mousepad', 22, 'XL', 'Accessory', 5005, 14),

-- RNG Store Products
(6028, 'RNG Cap', 20, 'M', 'Accessory', 5006, 11),
(6029, 'RNG Hoodie', 65, 'L', 'Apparel', 5006, 9),
(6030, 'RNG Mousepad', 19, 'S', 'Accessory', 5006, 13),

-- TSM Store Products
(6031, 'TSM Cap', 26, 'XL', 'Accessory', 5007, 10),
(6032, 'TSM Hoodie', 80, 'M', 'Apparel', 5007, 7),
(6033, 'TSM Mousepad', 23, 'L', 'Accessory', 5007, 12),

-- Invictus Gaming Store Products
(6034, 'Invictus Cap', 24, 'L', 'Accessory', 5008, 12),
(6035, 'Invictus Hoodie', 85, 'S', 'Apparel', 5008, 6),
(6036, 'Invictus Mousepad', 21, 'XL', 'Accessory', 5008, 11),

-- DRX Store Products
(6037, 'DRX Cap', 22, 'M', 'Accessory', 5009, 13),
(6038, 'DRX Hoodie', 78, 'L', 'Apparel', 5009, 8),
(6039, 'DRX Mousepad', 20, 'S', 'Accessory', 5009, 15),

-- DAMWON Gaming Store Products
(6040, 'DAMWON Cap', 25, 'XL', 'Accessory', 5010, 10),
(6041, 'DAMWON Hoodie', 82, 'M', 'Apparel', 5010, 7),
(6042, 'DAMWON Mousepad', 22, 'L', 'Accessory', 5010, 12),

-- Gen.G Store Products
(6043, 'Gen.G Cap', 23, 'L', 'Accessory', 5011, 9),
(6044, 'Gen.G Hoodie', 77, 'S', 'Apparel', 5011, 6),
(6045, 'Gen.G Mousepad', 20, 'XL', 'Accessory', 5011, 14),

-- EG Store Products
(6046, 'EG Cap', 26, 'M', 'Accessory', 5012, 11),
(6047, 'EG Hoodie', 75, 'L', 'Apparel', 5012, 8),
(6048, 'EG Mousepad', 18, 'S', 'Accessory', 5012, 13),

-- Misfits Gaming Store Products
(6049, 'Misfits Cap', 28, 'XL', 'Accessory', 5013, 10),
(6050, 'Misfits Hoodie', 70, 'M', 'Apparel', 5013, 7),
(6051, 'Misfits Mousepad', 19, 'L', 'Accessory', 5013, 12),

-- Schalke 04 Store Products
(6052, 'Schalke Cap', 29, 'M', 'Accessory', 5014, 9),
(6053, 'Schalke Hoodie', 85, 'L', 'Apparel', 5014, 6),
(6054, 'Schalke Mousepad', 21, 'XL', 'Accessory', 5014, 11),

-- KT Rolster Store Products
(6055, 'KT Cap', 25, 'L', 'Accessory', 5015, 11),
(6056, 'KT Hoodie', 80, 'S', 'Apparel', 5015, 8),
(6057, 'KT Mousepad', 20, 'M', 'Accessory', 5015, 14),

-- Hanwha Life Esports Store Products
(6058, 'Hanwha Cap', 23, 'XL', 'Accessory', 5016, 12),
(6059, 'Hanwha Hoodie', 78, 'M', 'Apparel', 5016, 7),
(6060, 'Hanwha Mousepad', 19, 'L', 'Accessory', 5016, 15),

-- FunPlus Phoenix Store Products
(6061, 'FPX Cap', 27, 'M', 'Accessory', 5017, 10),
(6062, 'FPX Hoodie', 88, 'L', 'Apparel', 5017, 6),
(6063, 'FPX Mousepad', 22, 'XL', 'Accessory', 5017, 11),

-- JD Gaming Store Products
(6064, 'JDG Cap', 24, 'L', 'Accessory', 5018, 9),
(6065, 'JDG Hoodie', 81, 'S', 'Apparel', 5018, 7),
(6066, 'JDG Mousepad', 20, 'M', 'Accessory', 5018, 14),

-- 100 Thieves Store Products
(6067, '100T Cap', 26, 'XL', 'Accessory', 5019, 11),
(6068, '100T Hoodie', 79, 'M', 'Apparel', 5019, 8),
(6069, '100T Mousepad', 21, 'L', 'Accessory', 5019, 12),

-- CLG Store Products
(6070, 'CLG Cap', 25, 'M', 'Accessory', 5020, 10),
(6071, 'CLG Hoodie', 77, 'L', 'Apparel', 5020, 9),
(6072, 'CLG Mousepad', 19, 'XL', 'Accessory', 5020, 13),

-- Origen Store Products
(6073, 'Origen Cap', 29, 'L', 'Accessory', 5021, 10),
(6074, 'Origen Hoodie', 84, 'S', 'Apparel', 5021, 8),
(6075, 'Origen Mousepad', 22, 'M', 'Accessory', 5021, 14),

-- Sandbox Gaming Store Products
(6076, 'Sandbox Cap', 27, 'XL', 'Accessory', 5022, 11),
(6077, 'Sandbox Hoodie', 80, 'M', 'Apparel', 5022, 7),
(6078, 'Sandbox Mousepad', 21, 'L', 'Accessory', 5022, 13),

-- Top Esports Store Products
(6079, 'TES Cap', 28, 'L', 'Accessory', 5023, 9),
(6080, 'TES Hoodie', 83, 'S', 'Apparel', 5023, 6),
(6081, 'TES Mousepad', 23, 'XL', 'Accessory', 5023, 12),

-- Rogue Store Products
(6082, 'Rogue Cap', 26, 'M', 'Accessory', 5024, 10),
(6083, 'Rogue Hoodie', 79, 'L', 'Apparel', 5024, 8),
(6084, 'Rogue Mousepad', 20, 'S', 'Accessory', 5024, 14);

-- Inserir dados de exemplo na tabela Average_Team_Statistics
INSERT INTO LOL.Average_Team_Statistics (Team_ID, Assists, Baron, Drakes, Gold, Kills, Deaths, Towers, Inibs) VALUES
(1, 15.5, 1.3, 2.2, 60.5, 12.3, 8.1, 4.2, 1.1),
(2, 14.8, 1.2, 2.0, 58.3, 11.7, 8.5, 4.0, 1.0),
(3, 16.0, 1.5, 2.3, 61.8, 13.0, 7.9, 4.3, 1.2),
(4, 15.2, 1.1, 2.1, 59.2, 12.0, 8.2, 4.1, 1.1),
(5, 16.3, 1.4, 2.4, 62.5, 13.2, 7.7, 4.4, 1.3),
(6, 15.7, 1.3, 2.2, 60.8, 12.5, 8.0, 4.2, 1.2),
(7, 14.9, 1.2, 2.1, 59.5, 11.8, 8.3, 4.0, 1.1),
(8, 15.3, 1.4, 2.2, 60.0, 12.1, 8.1, 4.2, 1.2),
(9, 16.1, 1.5, 2.3, 61.0, 12.9, 7.8, 4.3, 1.3),
(10, 15.6, 1.3, 2.2, 60.2, 12.4, 8.2, 4.1, 1.2),
(11, 15.9, 1.4, 2.3, 61.5, 12.7, 7.9, 4.2, 1.3),
(12, 15.4, 1.3, 2.2, 60.3, 12.2, 8.1, 4.1, 1.2);


-- Inserir dados de exemplo na tabela Standings


-- Inserir dados de exemplo na tabela Roles
INSERT INTO LOL.Roles (RoleDescription, Coach_CCnumber, Contract_ID, data_inicio, data_fim) VALUES
('Main Coach', 10020001, 3007, '2023-01-01', '2024-12-31'),
('Analyst', 10020002, 3008, '2023-01-01', '2024-12-31'),
('Main Coach', 10020003, 3009, '2023-01-01', '2024-12-31'),
('Main Coach', 10020004, 3010, '2023-01-01', '2024-12-31'),
('Psychologist', 10020005, 3011, '2023-01-01', '2024-12-31'),
('Analyst', 10020006, 3012, '2023-01-01', '2024-12-31'),
('Main Coach', 10020007, 3013, '2023-01-01', '2024-12-31'),
('Main Coach', 10020008, 3014, '2023-01-01', '2024-12-31'),
('Analyst', 10020009, 3015, '2023-01-01', '2024-12-31'),
('Analyst', 10020010, 3016, '2023-01-01', '2024-12-31'),
('Main Coach', 10020011, 3017, '2023-01-01', '2024-12-31'),
('Psychologist', 10020012, 3018, '2023-01-01', '2024-12-31'),
('Main Coach', 10020013, 3019, '2023-01-01', '2024-12-31'),
('Analyst', 10020014, 3020, '2023-01-01', '2024-12-31'),
('Main Coach', 10020015, 3021, '2023-01-01', '2024-12-31'),
('Main Coach', 10020016, 3022, '2023-01-01', '2024-12-31'),
('Psychologist', 10020017, 3023, '2023-01-01', '2024-12-31'),
('Analyst', 10020018, 3024, '2023-01-01', '2024-12-31'),
('Main Coach', 10020019, 3025, '2023-01-01', '2024-12-31'),
('Main Coach', 10020020, 3026, '2023-01-01', '2024-12-31'),
('Analyst', 10020021, 3027, '2023-01-01', '2024-12-31'),
('Analyst', 10020022, 3028, '2023-01-01', '2024-12-31'),
('Main Coach', 10020023, 3029, '2023-01-01', '2024-12-31'),
('Psychologist', 10020024, 3030, '2023-01-01', '2024-12-31');


-- Inserir dados de exemplo na tabela PlayerContracts
INSERT INTO LOL.PlayerContracts (Player_CCNumber, Contract_ID, data_inicio, data_fim) VALUES
(10010001, 3001, '2022-06-15', '2024-05-15'),
(10010002, 3002, '2023-01-10', '2025-12-20'),
(10010003, 3003, '2021-09-01', '2024-08-31'),
(10010004, 3004, '2022-03-20', '2023-12-31'),
(10010005, 3005, '2021-11-11', '2024-10-10'),
(10010006, 3006, '2023-02-25', '2025-01-24'),
(10010007, 3007, '2022-04-05', '2024-03-04'),
(10010008, 3008, '2023-07-20', '2026-06-19'),
(10010009, 3009, '2021-05-14', '2024-04-13'),
(10010010, 3010, '2022-11-01', '2025-10-31'),
(10010011, 3011, '2021-08-15', '2024-07-14'),
(10010012, 3012, '2023-06-30', '2026-05-29'),
(10010013, 3013, '2022-01-01', '2024-12-31'),
(10010014, 3014, '2021-10-20', '2023-09-19'),
(10010015, 3015, '2023-03-05', '2026-02-04'),
(10010016, 3016, '2021-12-15', '2024-11-14'),
(10010017, 3017, '2022-09-01', '2025-08-31'),
(10010018, 3018, '2023-01-20', '2026-12-19'),
(10010019, 3019, '2022-06-01', '2024-05-31'),
(10010020, 3020, '2021-03-15', '2024-02-14'),
(10010021, 3021, '2023-02-10', '2025-01-09'),
(10010022, 3022, '2022-07-25', '2025-06-24'),
(10010023, 3023, '2021-05-05', '2024-04-04'),
(10010024, 3024, '2023-04-15', '2026-03-14'),
(10010025, 3025, '2021-12-01', '2024-11-30'),
(10010026, 3026, '2022-03-10', '2025-02-09'),
(10010027, 3027, '2021-08-20', '2024-07-19'),
(10010028, 3028, '2023-05-25', '2026-04-24'),
(10010029, 3029, '2022-01-15', '2025-12-14'),
(10010030, 3030, '2021-06-10', '2024-05-09'),
(10010031, 3031, '2023-02-20', '2026-01-19'),
(10010032, 3032, '2022-09-05', '2025-08-04'),
(10010033, 3033, '2021-04-01', '2024-03-31'),
(10010034, 3034, '2023-07-10', '2026-06-09'),
(10010035, 3035, '2022-05-15', '2025-04-14'),
(10010036, 3036, '2021-11-25', '2024-10-24'),
(10010037, 3037, '2023-03-01', '2026-02-28'),
(10010038, 3038, '2022-06-05', '2025-05-04'),
(10010039, 3039, '2021-08-10', '2024-07-09'),
(10010040, 3040, '2023-04-25', '2026-03-24'),
(10010041, 3041, '2022-02-15', '2025-01-14'),
(10010042, 3042, '2021-09-01', '2024-08-31'),
(10010043, 3043, '2023-01-10', '2026-12-09'),
(10010044, 3044, '2022-07-20', '2025-06-19'),
(10010045, 3045, '2021-05-15', '2024-04-14'),
(10010046, 3046, '2023-06-05', '2026-05-04'),
(10010047, 3047, '2022-11-10', '2025-10-09'),
(10010048, 3048, '2021-10-01', '2024-09-30'),
(10010049, 3049, '2023-02-05', '2026-01-04'),
(10010050, 3050, '2022-08-15', '2025-07-14'),
(10010051, 3051, '2021-04-10', '2024-03-09'),
(10010052, 3052, '2023-03-25', '2026-02-24'),
(10010053, 3053, '2022-01-05', '2024-12-31'),
(10010054, 3054, '2021-07-20', '2024-06-19'),
(10010055, 3055, '2023-05-01', '2026-04-30'),
(10010056, 3056, '2022-09-15', '2025-08-14'),
(10010057, 3057, '2021-06-05', '2024-05-04'),
(10010058, 3058, '2023-04-10', '2026-03-09'),
(10010059, 3059, '2022-02-01', '2025-01-31'),
(10010060, 3060, '2021-10-25', '2024-09-24');

-- Inserir dados de exemplo na tabela Game
INSERT INTO LOL.Game (ID, Name, Team_ID, Team_ID2, Date, Winner) VALUES
(4001, 'Game 1', 1, 2, '2023-06-01', 'Team Liquid'),
(4002, 'Game 2', 2, 3, '2023-06-01', 'Cloud9'),
(4003, 'Game 3', 3, 4, '2023-06-01', 'G2 Esports'),
(4004, 'Game 4', 4, 5, '2023-06-01', 'Fnatic'),
(4005, 'Game 5', 5, 6, '2023-06-01', 'T1'),
(4006, 'Game 6', 6, 7, '2023-06-01', 'Royal Never Give Up'),
(4007, 'Game 7', 7, 8, '2023-06-01', 'Team SoloMid'),
(4008, 'Game 8', 8, 9, '2023-06-01', 'Invictus Gaming'),
(4009, 'Game 9', 9, 10, '2023-06-01', 'DRX'),
(4010, 'Game 10', 10, 11, '2023-06-01', 'DAMWON Gaming'),
(4011, 'Game 11', 11, 12, '2023-06-01', 'Gen.G'),
(4012, 'Game 12', 12, 1, '2023-06-01', 'Evil Geniuses');
INSERT INTO LOL.Game (ID, Name, Team_ID, Team_ID2, Date, Winner) VALUES
(5017, 'Game 17', 1, 2, '2023-07-01', 'Team Liquid'),
(5018, 'Game 18', 7, 1, '2023-07-02', 'Team Liquid'),
(5019, 'Game 19', 1, 12, '2023-07-03', 'Evil Geniuses'),
(5020, 'Game 20', 2, 7, '2023-07-04', 'Cloud9'),
(5021, 'Game 21', 7, 12, '2023-07-05', 'Team SoloMid'),
(5022, 'Game 22', 2, 19, '2023-07-06', '100 Thieves'),
(5023, 'Game 23', 12, 20, '2023-07-07', 'Counter Logic Gaming'),
(5024, 'Game 24', 19, 20, '2023-07-08', '100 Thieves'),
(5025, 'Game 25', 12, 7, '2023-07-09', 'Evil Geniuses');

INSERT INTO LOL.Game (ID, Name, Team_ID, Team_ID2, Date, Winner) VALUES
(5026, 'Game 26', 3, 4, '2023-07-01', 'G2 Esports'),
(5027, 'Game 27', 13, 3, '2023-07-02', 'G2 Esports'),
(5028, 'Game 28', 4, 14, '2023-07-03', 'Fnatic'),
(5029, 'Game 29', 3, 21, '2023-07-04', 'Origen'),
(5030, 'Game 30', 14, 13, '2023-07-05', 'Schalke 04'),
(5031, 'Game 31', 14, 21, '2023-07-06', 'Origen'),
(5032, 'Game 32', 13, 24, '2023-07-07', 'Rogue'),
(5033, 'Game 33', 4, 21, '2023-07-08', 'Fnatic'),
(5034, 'Game 34', 24, 13, '2023-07-09', 'Rogue');

INSERT INTO LOL.Game (ID, Name, Team_ID, Team_ID2, Date, Winner) VALUES
(5035, 'Game 35', 5, 9, '2023-07-01', 'T1'),
(5036, 'Game 36', 9, 10, '2023-07-02', 'DAMWON Gaming'),
(5037, 'Game 37', 5, 11, '2023-07-03', 'T1'),
(5038, 'Game 38', 9, 15, '2023-07-04', 'KT Rolster'),
(5039, 'Game 39', 10, 11, '2023-07-05', 'Gen.G'),
(5040, 'Game 40', 11, 16, '2023-07-06', 'Hanwha Life Esports'),
(5041, 'Game 41', 15, 5, '2023-07-07', 'T1'),
(5042, 'Game 42', 15, 10, '2023-07-08', 'DAMWON Gaming'),
(5043, 'Game 43', 16, 11, '2023-07-09', 'Hanwha Life Esports');
INSERT INTO LOL.Game (ID, Name, Team_ID, Team_ID2, Date, Winner) VALUES
(5044, 'Game 44', 6, 8, '2023-07-01', 'Royal Never Give Up'),
(5045, 'Game 45', 8, 17, '2023-07-02', 'FunPlus Phoenix'),
(5046, 'Game 46', 6, 18, '2023-07-03', 'JD Gaming'),
(5047, 'Game 47', 17, 23, '2023-07-04', 'Top Esports'),
(5048, 'Game 48', 23, 22, '2023-07-05', 'Top Esports'),
(5049, 'Game 49', 22, 18, '2023-07-06', 'JD Gaming'),
(5050, 'Game 50', 18, 23, '2023-07-07', 'Top Esports'),
(5051, 'Game 51', 22, 8, '2023-07-08', 'Invictus Gaming'),
(5052, 'Game 52', 17, 6, '2023-07-09', 'Royal Never Give Up');



-- Inserir dados de exemplo na tabela Individual_Statistics
INSERT INTO LOL.Individual_Statistics (Game_ID, Player_CCNumber, Assists, Baron, Drakes, Gold, Kills, Deaths, Towers, Inibs) VALUES
-- Game 1
(4001, 10010001, 10, 1, 2, 18000, 5, 3, 3, 1),
(4001, 10010002, 8, 1, 1, 16000, 3, 4, 2, 0),
(4001, 10010003, 12, 0, 2, 14000, 2, 2, 3, 0),
(4001, 10010004, 9, 1, 2, 15000, 4, 4, 2, 1),
(4001, 10010005, 11, 1, 1, 17000, 6, 3, 3, 0),
-- Game 2
(4002, 10010006, 7, 0, 1, 14000, 3, 5, 2, 1),
(4002, 10010007, 9, 1, 2, 16000, 4, 3, 3, 0),
(4002, 10010008, 6, 1, 1, 13000, 2, 4, 1, 0),
(4002, 10010009, 10, 0, 2, 17000, 5, 3, 3, 1),
(4002, 10010010, 8, 1, 1, 15000, 3, 4, 2, 0),
-- Game 3
(4003, 10010011, 11, 1, 2, 18000, 6, 3, 4, 1),
(4003, 10010012, 7, 1, 1, 16000, 3, 4, 2, 0),
(4003, 10010013, 9, 0, 2, 14000, 2, 2, 3, 1),
(4003, 10010014, 8, 1, 1, 15000, 4, 4, 2, 0),
(4003, 10010015, 10, 1, 2, 17000, 5, 3, 4, 1),
-- Game 4
(4004, 10010016, 8, 0, 1, 15000, 3, 5, 2, 1),
(4004, 10010017, 10, 1, 2, 17000, 4, 3, 3, 0),
(4004, 10010018, 7, 1, 1, 13000, 2, 4, 1, 0),
(4004, 10010019, 12, 0, 2, 19000, 5, 3, 4, 1),
(4004, 10010020, 9, 1, 1, 16000, 3, 4, 2, 0),
-- Game 5
(4005, 10010021, 11, 1, 2, 18000, 6, 3, 4, 1),
(4005, 10010022, 7, 1, 1, 16000, 3, 4, 2, 0),
(4005, 10010023, 9, 0, 2, 14000, 2, 2, 3, 1),
(4005, 10010024, 8, 1, 1, 15000, 4, 4, 2, 0),
(4005, 10010025, 10, 1, 2, 17000, 5, 3, 4, 1),
-- Game 6
(4006, 10010026, 8, 0, 1, 15000, 3, 5, 2, 1),
(4006, 10010027, 10, 1, 2, 17000, 4, 3, 3, 0),
(4006, 10010028, 7, 1, 1, 13000, 2, 4, 1, 0),
(4006, 10010029, 12, 0, 2, 19000, 5, 3, 4, 1),
(4006, 10010030, 9, 1, 1, 16000, 3, 4, 2, 0),
-- Game 7
(4007, 10010031, 11, 1, 2, 18000, 6, 3, 4, 1),
(4007, 10010032, 7, 1, 1, 16000, 3, 4, 2, 0),
(4007, 10010033, 9, 0, 2, 14000, 2, 2, 3, 1),
(4007, 10010034, 8, 1, 1, 15000, 4, 4, 2, 0),
(4007, 10010035, 10, 1, 2, 17000, 5, 3, 4, 1),
-- Game 8
(4008, 10010036, 8, 0, 1, 15000, 3, 5, 2, 1),
(4008, 10010037, 10, 1, 2, 17000, 4, 3, 3, 0),
(4008, 10010038, 7, 1, 1, 13000, 2, 4, 1, 0),
(4008, 10010039, 12, 0, 2, 19000, 5, 3, 4, 1),
(4008, 10010040, 9, 1, 1, 16000, 3, 4, 2, 0),
-- Game 9
(4009, 10010041, 11, 1, 2, 18000, 6, 3, 4, 1),
(4009, 10010042, 7, 1, 1, 16000, 3, 4, 2, 0),
(4009, 10010043, 9, 0, 2, 14000, 2, 2, 3, 1),
(4009, 10010044, 8, 1, 1, 15000, 4, 4, 2, 0),
(4009, 10010045, 10, 1, 2, 17000, 5, 3, 4, 1),
-- Game 10
(4010, 10010046, 8, 0, 1, 15000, 3, 5, 2, 1),
(4010, 10010047, 10, 1, 2, 17000, 4, 3, 3, 0),
(4010, 10010048, 7, 1, 1, 13000, 2, 4, 1, 0),
(4010, 10010049, 12, 0, 2, 19000, 5, 3, 4, 1),
(4010, 10010050, 9, 1, 1, 16000, 3, 4, 2, 0),
-- Game 11
(4011, 10010051, 11, 1, 2, 18000, 6, 3, 4, 1),
(4011, 10010052, 7, 1, 1, 16000, 3, 4, 2, 0),
(4011, 10010053, 9, 0, 2, 14000, 2, 2, 3, 1),
(4011, 10010054, 8, 1, 1, 15000, 4, 4, 2, 0),
(4011, 10010055, 10, 1, 2, 17000, 5, 3, 4, 1),
-- Game 12
(4012, 10010056, 8, 0, 1, 15000, 3, 5, 2, 1),
(4012, 10010057, 10, 1, 2, 17000, 4, 3, 3, 0),
(4012, 10010058, 7, 1, 1, 13000, 2, 4, 1, 0),
(4012, 10010059, 12, 0, 2, 19000, 5, 3, 4, 1),
(4012, 10010060, 9, 1, 1, 16000, 3, 4, 2, 0);
INSERT INTO LOL.Individual_Statistics (Game_ID, Player_CCNumber, Assists, Baron, Drakes, Gold, Kills, Deaths, Towers, Inibs) VALUES
(5017, 10010001, 10, 1, 2, 18000, 5, 3, 3, 1),
(5017, 10010002, 8, 1, 1, 16000, 3, 4, 2, 0),
(5017, 10010003, 12, 0, 2, 14000, 2, 2, 3, 0),
(5017, 10010004, 9, 1, 2, 15000, 4, 4, 2, 1),
(5017, 10010005, 11, 1, 1, 17000, 6, 3, 3, 0);
INSERT INTO LOL.Individual_Statistics (Game_ID, Player_CCNumber, Assists, Baron, Drakes, Gold, Kills, Deaths, Towers, Inibs) VALUES
(5018, 10010001, 11, 1, 2, 18000, 6, 3, 4, 1),
(5018, 10010002, 7, 1, 1, 16000, 3, 4, 2, 0),
(5018, 10010003, 9, 0, 2, 14000, 2, 2, 3, 1),
(5018, 10010004, 8, 1, 1, 15000, 4, 4, 2, 0),
(5018, 10010005, 10, 1, 2, 17000, 5, 3, 4, 1);
INSERT INTO LOL.Individual_Statistics (Game_ID, Player_CCNumber, Assists, Baron, Drakes, Gold, Kills, Deaths, Towers, Inibs) VALUES
(5019, 10010056, 8, 0, 1, 15000, 3, 5, 2, 1),
(5019, 10010057, 10, 1, 2, 17000, 4, 3, 3, 0),
(5019, 10010058, 7, 1, 1, 13000, 2, 4, 1, 0),
(5019, 10010059, 12, 0, 2, 19000, 5, 3, 4, 1),
(5019, 10010060, 9, 1, 1, 16000, 3, 4, 2, 0);
INSERT INTO LOL.Individual_Statistics (Game_ID, Player_CCNumber, Assists, Baron, Drakes, Gold, Kills, Deaths, Towers, Inibs) VALUES
(5020, 10010006, 11, 1, 2, 18000, 6, 3, 4, 1),
(5020, 10010007, 7, 1, 1, 16000, 3, 4, 2, 0),
(5020, 10010008, 9, 0, 2, 14000, 2, 2, 3, 1),
(5020, 10010009, 8, 1, 1, 15000, 4, 4, 2, 0),
(5020, 10010010, 10, 1, 2, 17000, 5, 3, 4, 1);
INSERT INTO LOL.Individual_Statistics (Game_ID, Player_CCNumber, Assists, Baron, Drakes, Gold, Kills, Deaths, Towers, Inibs) VALUES
(5021, 10010031, 11, 1, 2, 18000, 6, 3, 4, 1),
(5021, 10010032, 7, 1, 1, 16000, 3, 4, 2, 0),
(5021, 10010033, 9, 0, 2, 14000, 2, 2, 3, 1),
(5021, 10010034, 8, 1, 1, 15000, 4, 4, 2, 0),
(5021, 10010035, 10, 1, 2, 17000, 5, 3, 4, 1);
INSERT INTO LOL.Individual_Statistics (Game_ID, Player_CCNumber, Assists, Baron, Drakes, Gold, Kills, Deaths, Towers, Inibs) VALUES
(5022, 10010019, 11, 1, 2, 18000, 6, 3, 4, 1),
(5022, 10010020, 7, 1, 1, 16000, 3, 4, 2, 0),
(5022, 10010021, 9, 0, 2, 14000, 2, 2, 3, 1),
(5022, 10010022, 8, 1, 1, 15000, 4, 4, 2, 0),
(5022, 10010023, 10, 1, 2, 17000, 5, 3, 4, 1);
INSERT INTO LOL.Individual_Statistics (Game_ID, Player_CCNumber, Assists, Baron, Drakes, Gold, Kills, Deaths, Towers, Inibs) VALUES
(5023, 10010024, 11, 1, 2, 18000, 6, 3, 4, 1),
(5023, 10010025, 7, 1, 1, 16000, 3, 4, 2, 0),
(5023, 10010026, 9, 0, 2, 14000, 2, 2, 3, 1),
(5023, 10010027, 8, 1, 1, 15000, 4, 4, 2, 0),
(5023, 10010028, 10, 1, 2, 17000, 5, 3, 4, 1);
INSERT INTO LOL.Individual_Statistics (Game_ID, Player_CCNumber, Assists, Baron, Drakes, Gold, Kills, Deaths, Towers, Inibs) VALUES
(5024, 10010019, 11, 1, 2, 18000, 6, 3, 4, 1),
(5024, 10010020, 7, 1, 1, 16000, 3, 4, 2, 0),
(5024, 10010021, 9, 0, 2, 14000, 2, 2, 3, 1),
(5024, 10010022, 8, 1, 1, 15000, 4, 4, 2, 0),
(5024, 10010023, 10, 1, 2, 17000, 5, 3, 4, 1);
INSERT INTO LOL.Individual_Statistics (Game_ID, Player_CCNumber, Assists, Baron, Drakes, Gold, Kills, Deaths, Towers, Inibs) VALUES
(5025, 10010056, 11, 1, 2, 18000, 6, 3, 4, 1),
(5025, 10010057, 7, 1, 1, 16000, 3, 4, 2, 0),
(5025, 10010058, 9, 0, 2, 14000, 2, 2, 3, 1),
(5025, 10010059, 8, 1, 1, 15000, 4, 4, 2, 0),
(5025, 10010060, 10, 1, 2, 17000, 5, 3, 4, 1);
INSERT INTO LOL.Individual_Statistics (Game_ID, Player_CCNumber, Assists, Baron, Drakes, Gold, Kills, Deaths, Towers, Inibs) VALUES
(5026, 10010011, 10, 1, 2, 19000, 6, 3, 4, 1),
(5026, 10010012, 8, 1, 1, 17000, 4, 4, 3, 0),
(5026, 10010013, 9, 1, 2, 15000, 3, 2, 3, 1),
(5026, 10010014, 11, 0, 1, 16000, 5, 4, 2, 0),
(5026, 10010015, 7, 1, 2, 14000, 2, 3, 3, 1);
INSERT INTO LOL.Individual_Statistics (Game_ID, Player_CCNumber, Assists, Baron, Drakes, Gold, Kills, Deaths, Towers, Inibs) VALUES
(5027, 10010011, 12, 1, 2, 18000, 6, 3, 4, 1),
(5027, 10010012, 9, 1, 1, 16000, 4, 4, 3, 0),
(5027, 10010013, 10, 1, 2, 15000, 3, 2, 3, 1),
(5027, 10010014, 8, 0, 1, 14000, 5, 4, 2, 0),
(5027, 10010015, 7, 1, 2, 17000, 2, 3, 3, 1);
INSERT INTO LOL.Individual_Statistics (Game_ID, Player_CCNumber, Assists, Baron, Drakes, Gold, Kills, Deaths, Towers, Inibs) VALUES
(5028, 10010016, 9, 1, 2, 16000, 4, 3, 3, 0),
(5028, 10010017, 8, 1, 1, 15000, 3, 4, 2, 1),
(5028, 10010018, 11, 0, 2, 17000, 5, 3, 4, 0),
(5028, 10010019, 10, 1, 1, 14000, 2, 2, 3, 1),
(5028, 10010020, 7, 1, 2, 18000, 6, 4, 3, 1);
INSERT INTO LOL.Individual_Statistics (Game_ID, Player_CCNumber, Assists, Baron, Drakes, Gold, Kills, Deaths, Towers, Inibs) VALUES
(5035, 10010021, 12, 1, 2, 20000, 8, 2, 4, 1),
(5035, 10010022, 10, 1, 1, 18000, 6, 3, 3, 0),
(5035, 10010023, 11, 1, 2, 17000, 5, 2, 4, 1),
(5035, 10010024, 9, 0, 1, 16000, 4, 4, 3, 0),
(5035, 10010025, 8, 1, 2, 15000, 3, 3, 2, 1);
INSERT INTO LOL.Individual_Statistics (Game_ID, Player_CCNumber, Assists, Baron, Drakes, Gold, Kills, Deaths, Towers, Inibs) VALUES
(5036, 10010046, 11, 1, 2, 18000, 6, 3, 4, 1),
(5036, 10010047, 7, 1, 1, 16000, 3, 4, 2, 0),
(5036, 10010048, 10, 1, 2, 15000, 5, 3, 3, 1),
(5036, 10010049, 9, 0, 1, 14000, 4, 4, 2, 0),
(5036, 10010050, 8, 1, 2, 17000, 2, 3, 3, 1);
INSERT INTO LOL.Individual_Statistics (Game_ID, Player_CCNumber, Assists, Baron, Drakes, Gold, Kills, Deaths, Towers, Inibs) VALUES
(5044, 10010026, 10, 1, 2, 20000, 8, 2, 4, 1),
(5044, 10010027, 12, 1, 1, 18000, 6, 3, 3, 0),
(5044, 10010028, 9, 1, 2, 17000, 5, 2, 4, 1),
(5044, 10010029, 11, 0, 1, 16000, 4, 4, 3, 0),
(5044, 10010030, 8, 1, 2, 15000, 3, 3, 2, 1);
INSERT INTO LOL.Individual_Statistics (Game_ID, Player_CCNumber, Assists, Baron, Drakes, Gold, Kills, Deaths, Towers, Inibs) VALUES
(5045, 10010081, 11, 1, 2, 18000, 6, 3, 4, 1),
(5045, 10010082, 7, 1, 1, 16000, 3, 4, 2, 0),
(5045, 10010083, 10, 1, 2, 15000, 5, 3, 3, 1),
(5045, 10010084, 9, 0, 1, 14000, 4, 4, 2, 0),
(5045, 10010085, 8, 1, 2, 17000, 2, 3, 3, 1);
INSERT INTO LOL.Individual_Statistics (Game_ID, Player_CCNumber, Assists, Baron, Drakes, Gold, Kills, Deaths, Towers, Inibs) VALUES
(5046, 10010086, 12, 1, 2, 20000, 8, 2, 4, 1),
(5046, 10010087, 10, 1, 1, 18000, 6, 3, 3, 0),
(5046, 10010088, 9, 1, 2, 17000, 5, 2, 4, 1),
(5046, 10010089, 11, 0, 1, 16000, 4, 4, 3, 0),
(5046, 10010090, 8, 1, 2, 15000, 3, 3, 2, 1);
INSERT INTO LOL.Individual_Statistics (Game_ID, Player_CCNumber, Assists, Baron, Drakes, Gold, Kills, Deaths, Towers, Inibs) VALUES
(5047, 10010111, 10, 1, 2, 20000, 8, 2, 4, 1),
(5047, 10010112, 12, 1, 1, 18000, 6, 3, 3, 0),
(5047, 10010113, 9, 1, 2, 17000, 5, 2, 4, 1),
(5047, 10010114, 11, 0, 1, 16000, 4, 4, 3, 0),
(5047, 10010115, 8, 1, 2, 15000, 3, 3, 2, 1);

-- Inserir dados de exemplo na tabela Average_Individual_Statistics
INSERT INTO LOL.Average_Individual_Statistics (Player_CCNumber, Assists, Baron, Drakes, Gold, Kills, Deaths, Towers, Inibs) VALUES
(10010001, 5.5, 2.2, 7.5, 410, 305, 7.1, 2.2, 1.1),
(10010002, 6.3, 3.1, 8.2, 430, 315, 6.8, 3.1, 1.1),
(10010003, 7.2, 1.1, 6.8, 460, 335, 7.1, 1.2, 1.1),
(10010004, 4.5, 2.3, 10.3, 390, 295, 4.5, 2.2, 1.1),
(10010005, 8.5, 2.2, 5.5, 510, 345, 8.2, 2.2, 1.1),
(10010006, 7.2, 3.3, 9.2, 490, 325, 7.1, 3.2, 1.1),
(10010007, 6.2, 2.2, 8.5, 430, 315, 6.8, 3.1, 1.1),
(10010008, 5.5, 1.1, 7.5, 410, 305, 7.1, 2.2, 1.1),
(10010009, 8.5, 3.3, 9.8, 490, 325, 7.1, 3.2, 1.1),
(10010010, 7.2, 2.2, 10.3, 470, 335, 6.5, 2.2, 1.1),
(10010011, 6.3, 1.1, 8.5, 450, 315, 5.8, 3.2, 1.1),
(10010012, 5.5, 2.2, 7.5, 430, 305, 6.5, 2.2, 1.1);