Governor ID,exactName,Power,T4-Kills,T5-Kills,Dead Troops,Governor ID,exactName,Power,T4-Kills,T5-Kills,Dead Troops,Governor ID,exactName,Power,T4-Kills Gained,T5-Kills Gained,Dead Troops Gained
134399475,ᴮᴴ traveler,84.822.546,22.361.627,283.655,2.943.441,134399475,ᴮᴴ traveler,83.841.170,22.361.627,283.655,2.943.441,134399475,ᴮᴴ traveler,83.841.170,0,0,0
107421973,ᴮᶠSnake,64.650.369,64.315.490,7.704.501,4.391.145,134402573,ᴮᴴPokemeDad,78.733.652,56.183.934,652.591,4.398.447,134402573,ᴮᴴPokemeDad,78.733.652,30.514.279,8.192.498,4.421.213
134402573,ᴮᴴPokemeDad,61.145.328,86.698.213,8.845.089,8.819.660,58136247,Revølutiøn,62.070.112,8.202.357,5.131.979,10.624.065,58136247,Revølutiøn,62.070.112,11.263.853,1.252.067,966.575
134627056,亗RËD亗,56.381.177,14.856.761,1.654.508,834.149,59363442,ɖąɱɱıʂ,59.813.741,23.987.086,2.916.983,4.543.720,59363442,ɖąɱɱıʂ,59.813.741,16.419.035,1.987.402,1.013.524
59363442,ɖąɱɱıʂ,54.853.680,40.406.121,4.904.385,5.557.244,13183281,Kɩɭɭɘʀ,52.527.022,10.755.026,4.500.148,7.510.608,13183281,Kɩɭɭɘʀ,52.527.022,13.209.443,1.963.057,592.543
133775709,ferngarcia3,54.768.931,9.376.202,903.402,1.591.592,107421973,ᴮᶠSnake,47.131.643,56.109.025,6.402.115,3.859.103,107421973,ᴮᶠSnake,47.131.643,8.206.465,1.302.386,532.042
13183281,Kɩɭɭɘʀ,53.931.977,23.964.469,6.463.205,8.103.151,134627056,亗RËD亗,46.697.658,4.950.585,80.061,293.968,134627056,亗RËD亗,46.697.658,9.906.176,1.574.447,540.181
134628502,ᴮᴹEnfluenza,53.804.451,1.798.904,379.046,976.119,133775709,ferngarcia3,44.646.142,7.052.893,162.734,1.524.810,133775709,ferngarcia3,44.646.142,2.323.309,740.668,66.782
58136247,Revølutiøn,53.395.317,19.466.210,6.384.046,11.590.640,134345532,ᴮᴴAhye,42.473.280,11.642.004,50.112,963.512,134345532,ᴮᴴAhye,42.473.280,19.601.809,1.142.014,400.443
134345532,岁月静好,49.692.422,31.243.813,1.192.126,1.363.955,115366928,SmooveMoover,40.075.532,11.250.888,1.146.013,2.625.544,115366928,SmooveMoover,40.075.532,7.497.125,768.543,152.669
115579074,ᴮᴴAllyfrt,45.663.623,20.151.169,1.934.279,2.220.494,115579074,ᴮᴴAllyfrt,38.687.158,11.602.373,1.121.359,1.808.707,115579074,ᴮᴴAllyfrt,38.687.158,8.548.796,812.920,411.787
115366928,SmooveMoover,42.186.278,18.748.013,1.914.556,2.778.213,130096377,ᵛᶰメ Hoang,38.193.035,5.537.808,411.193,1.452.009,130096377,ᵛᶰメ Hoang,38.193.035,Migrated,,
133723085,AONsonicZ,40.811.133,5.934.496,221.868,206.256,133723085,AONsonicZ,37.243.643,4.099.508,3.927,181.276,133723085,AONsonicZ,37.243.643,1.834.988,217.941,24.980
133760613,ᴮᴴ Shinnow,38.753.377,7.763.885,230.020,1.013.571,92592741,ᴮᴹ Dave,36.941.902,579.553,318.299,1.313.312,92592741,ᴮᴹ Dave,36.941.902,0,0,0
133842685,ᴮᴴJonwho,38.557.689,5.249.288,744.040,798.104,112419789,ᶜʰ Дед,36.121.422,22.430.931,2.361.507,1.591.818,112419789,ᶜʰ Дед,36.121.422,5.801.606,1.068.135,335.334
92592741,ᴮᴹ Dave,38.382.672,579.553,318.299,1.313.312,118296876,Hoàng Khan,35.593.898,5.178.879,914.276,1.892.891,118296876,Hoàng Khan,35.593.898,2.092.912,489.332,579.272
112419789,ᶜʰ Дед,36.442.333,28.232.537,3.429.642,1.927.152,52333130,Victorious Vic,35.267.118,7.355.231,496.950,3.741.160,52333130,Victorious Vic,35.267.118,2.355.636,718.456,127.229
118296876,Hoàng Khan,36.183.707,7.271.791,1.403.608,2.472.163,133760613,ᴮᴴ Shinnow,35.181.718,6.983.473,59.604,942.441,133760613,ᴮᴴ Shinnow,35.181.718,780.412,170.416,71.130
52333130,ᴮᴴ Vic,35.866.997,9.710.867,1.215.406,3.868.389,122735502,亗Daury亗,33.729.523,13.511.813,1.826.694,2.145.271,122735502,亗Daury亗,33.729.523,3.378.041,277.828,315.908
117892970,MAJCHER,35.769.865,2.027.985,766.739,791.057,117892970,MAJCHER,32.429.395,1.578.882,576.672,704.926,117892970,MAJCHER,32.429.395,449.103,190.067,86.131
134499531,社WhereIsJESUS,34.611.793,13.167.712,426.464,1.966.955,133716941,ᴮᴴumbr,32.051.687,7.092.716,154.850,858.838,133716941,ᴮᴴumbr,32.051.687,1.052.384,183.493,641.272
134217749,ᴼᵖ HanCock,34.583.985,25.164.794,612.063,1.164.257,134251958,ᴮᴴNatiJP,31.691.137,35.445.228,302.733,1.071.649,134251958,ᴮᴴNatiJP,31.691.137,16.780.433,173.275,13.822
134251958,ᴮᴴNatiJP,34.536.876,52.225.661,476.008,1.085.471,133663712,ᴮᴴ Fam HC,31.414.084,17.231.572,287.457,1.005.352,133663712,ᴮᴴ Fam HC,31.414.084,Migrated,,
122735502,亗Daury亗,34.027.991,16.889.854,2.104.522,2.461.179,133705019,ᴮᴴBAYMAX,31.369.479,5.892.646,35.672,792.129,133705019,ᴮᴴBAYMAX,31.369.479,1.328.887,222.219,174.444
107020379,GAREZZ ᵀᴿ,33.447.768,14.228.410,1.074.282,2.851.196,133739001,ᴮᴴIceCream,31.165.122,10.814.852,251.624,1.309.115,133739001,ᴮᴴIceCream,31.165.122,9.015.928,551.299,761.765
133851047,ᴮᴴz125,33.341.220,6.587.357,413.136,874.084,130135461,ᵛᶰメ Đậu,31.018.867,4.417.550,354.214,1.277.947,130135461,ᵛᶰメ Đậu,31.018.867,Migrated,,
133716941,ᴮᴴumbr,33.171.361,8.145.100,338.343,1.500.110,94279132,ᴮᴴ Sakai,31.002.001,4.693.887,686.860,809.451,94279132,ᴮᴴ Sakai,31.002.001,3.348.543,297.439,541.332
133744076,ᴮᴴOLove93oO,33.129.283,18.163.805,164.532,2.053.077,107020379,GAREZZ ᵀᴿ,30.917.251,6.067.781,635.622,2.586.775,107020379,GAREZZ ᵀᴿ,30.917.251,8.160.629,438.660,264.421
134351687,ʷʷᶜFulcrum,32.980.967,12.130.176,757.084,2.142.904,134351687,ʷʷᶜFulcrum,30.729.539,5.128.279,30.024,1.260.602,134351687,ʷʷᶜFulcrum,30.729.539,7.001.897,727.060,882.302
133919165,AkAkAk,32.874.119,2.422.527,252.219,514.011,133842685,ᴮᴴJonwho,30.639.987,3.502.267,34.678,469.826,133842685,ᴮᴴJonwho,30.639.987,1.747.021,709.362,328.278
133691120,ᴮᴴLaGata,32.807.494,22.031.783,226.424,708.002,134217749,ᴼᵖ HanCock,30.430.140,15.869.627,45.740,1.013.411,134217749,ᴼᵖ HanCock,30.430.140,9.295.167,566.323,150.846
133814737,ᴮᴴGorille٣,32.570.216,6.782.481,321.764,531.165,133893950,NatiFARM3,30.397.824,13.086.758,411.228,726.134,133893950,NatiFARM3,30.397.824,354.490,0,35.469
133739001,ᴮᴴIceCream,32.472.936,19.830.780,802.923,2.070.880,129496504,GodEee,30.357.863,3.915.376,190.671,649.644,129496504,GodEee,30.357.863,Migrated,,
133735993,亗DOBRO亗,32.155.454,5.102.809,160.112,84.897,133851047,ᴮᴴz125,29.972.898,3.855.922,77.386,774.518,133851047,ᴮᴴz125,29.972.898,2.731.435,335.750,99.566
133705019,ᴮᴴBAYMAX,32.297.290,7.221.533,257.891,966.573,134021894,亗HELP ME亗,29.858.339,10.982.610,74.550,420.821,134021894,亗HELP ME亗,29.858.339,618.983,165.975,239.353
94279132,ᴮᴴ Sakai,32.185.644,8.042.430,984.299,1.350.783,124007907,ᵀʷˢ Kallysh,29.773.856,4.085.248,177.408,1.113.745,124007907,ᵀʷˢ Kallysh,29.773.856,1.345.695,108.286,17.000
134397586,ASRAEL,32.090.464,1.188.473,49.705,488.345,119268248,alcobot,29.134.875,1.114.118,135.834,819.764,119268248,alcobot,29.134.875,0,0,0
124007907,Kallyshᴮᴿ,31.909.558,5.430.943,285.694,1.130.745,133919165,AkAkAk,29.132.309,1.178.674,53.962,147.440,133919165,AkAkAk,29.132.309,1.243.853,198.257,366.571
133935921,ᴮᴴSmoK๛HC,31.544.568,11.376.447,1.238.497,787.730,134351164,NvTnoe,28.639.959,3.779.204,48.997,840.905,134351164,NvTnoe,28.639.959,3.827.031,310.937,308.445
134622987,ᴮᴴBaba Yaga,31.560.582,3.538.452,274.555,320.536,133878435,ᴮᴴZlaYa,28.620.416,8.068.076,73.407,1.019.026,133878435,ᴮᴴZlaYa,28.620.416,0,0,0
119268248,alcobot,31.502.657,1.114.118,135.834,819.764,116965836,ᴬᴺᴿ K0T,28.157.243,1.571.481,274.799,769.682,116965836,ᴬᴺᴿ K0T,28.157.243,303.830,32.903,46.729
133893950,NatiFARM3,31.388.904,13.441.248,411.228,761.603,133744076,ᴮᴴOLove93oO,28.116.174,9.970.958,30.075,1.376.686,133744076,ᴮᴴOLove93oO,28.116.174,8.192.847,134.457,676.391
133890181,ᴮᴴSc0rli0,31.317.628,6.364.846,712.808,609.504,133804747,HaVa,28.113.053,5.495.509,9.051,482.354,133804747,HaVa,28.113.053,1.897.306,214.520,205.361
134445066,ᴮᴴBARBARIAN,31.116.310,6.772.182,152.933,128.409,134499531,社WhereIsJESUS,28.034.037,11.779.791,201.264,1.689.256,134499531,社WhereIsJESUS,28.034.037,1.387.921,225.200,277.699
134351164,ᴮᴴNvTnoe,30.579.454,7.606.235,359.934,1.149.350,133996983,Group 2885 1,27.994.842,5.911.980,2.482,677.853,133996983,Group 2885 1,27.994.842,? Who tf is this,,
133878435,ᴮᴴZlaYa,30.002.356,8.068.076,73.407,1.019.026,133814737,ᴮᴴGorille٣,27.987.252,5.924.951,66.879,452.137,133814737,ᴮᴴGorille٣,27.987.252,857.530,254.885,79.028
116965836,ᴬᴺᴿ K0T,29.955.181,1.875.311,307.702,816.411,133932503,乂 Lazyboy 乂,27.837.804,2.853.914,25.817,696.760,133932503,乂 Lazyboy 乂,27.837.804,1.882.771,261.321,242.694
133996983,Bagocuk,29.934.458,8.377.369,388.633,940.988,133762455,ᴮᶠ Starozz,27.738.914,4.026.315,31.967,707.372,133762455,ᴮᶠ Starozz,27.738.914,4.920.735,651.072,325.433
134009910,ᴮᴴCranberry,29.751.993,1.885.051,33.934,285.855,134628502,Enfluenza,27.419.315,180.065,0,539.640,134628502,Enfluenza,27.419.315,1.618.839,379.046,436.479
134398822,ᶜⁿTicloud,29.647.725,1.062.655,70.530,460.939,133743878,HarleyDown1ng,27.205.529,211.753,2.057,502.883,133743878,HarleyDown1ng,27.205.529,0,0,0
133932503,乂 Lazyboy 乂,29.366.372,4.736.685,287.138,939.454,134622987,ᴮᴴBaba Yaga,27.182.368,2.317.523,17.258,158.649,134622987,ᴮᴴBaba Yaga,27.182.368,1.220.929,257.297,161.887
133804747,ᴮᴴHaVa,29.322.163,7.392.815,223.571,687.715,133691120,ᴮᴴLaGata,26.865.372,11.792.078,19.948,497.457,133691120,ᴮᴴLaGata,26.865.372,10.239.705,206.476,210.545
134021894,亗KVK亗,29.161.223,11.601.593,240.525,660.174,123983215,ᵀʷˢ MILO,26.704.956,3.400.863,79.640,1.523.319,123983215,ᵀʷˢ MILO,26.704.956,1.302.544,36.435,151.246
134660175,亗 BLÅCK 亗,28.914.847,2.162.299,187.689,653.330,133890181,ᴮᴴSc0rli0,26.662.314,2.659.977,443.980,435.791,133890181,ᴮᴴSc0rli0,26.662.314,3.704.869,268.828,173.713
134375605,ᴮᴴ AnderS,29.803.726,1.947.215,106.959,311.658,134410322,ᴮᴴAhYe,26.629.847,1.258.784,13.026,643.445,134410322,ᴮᴴAhYe,26.629.847,247.447,21.859,31.751
123983215,ᵀʷˢ MILO,28.792.037,4.703.407,116.075,1.674.565,133935921,ᴮᴴSmoK๛HC,26.588.605,7.070.655,814.910,696.243,133935921,ᴮᴴSmoK๛HC,26.588.605,4.305.792,423.587,91.487
134300355,Tarboooz,28.666.338,3.447.180,47.847,612.194,134009910,ᴮᴴCranberry,26.564.397,1.277.388,309,280.576,134009910,ᴮᴴCranberry,26.564.397,607.663,33.625,5.279
134326348,亗 파파스머프 亗,28.522.612,841.938,95.505,148.744,127452954,ᵀʷˢ Arya,26.515.456,2.345.300,161.406,570.894,127452954,ᵀʷˢ Arya,26.515.456,137.588,23.997,0
133762455,ᴮᶠ Starozz,28.457.034,8.947.050,683.039,1.032.805,134660175,亗 BLÅCK 亗,26.347.162,1.198.768,4.039,215.468,134660175,亗 BLÅCK 亗,26.347.162,963.531,183.650,437.862
134410322,ᴮᴴAhYe,28.385.549,1.506.231,34.885,675.196,133921026,ヤ Kayser Söze,26.270.502,1.288.241,126,0,133921026,ヤ Kayser Söze,26.270.502,121.491,1.748,0
128707143,ᴮᴴBakoeng,28.378.451,8.624.438,579.842,1.830.844,133801296,ᴮᴴ Zenitsu,26.653.261,14.156.028,81.191,992.542,133801296,ᴮᴴ Zenitsu,26.653.261,Migrated,,
133813651,ᴮᴴNeiiZ,28.366.149,2.485.892,133.464,445.338,134095657,Minh Quang AMG,25.992.992,3.980.513,103.895,133.174,134095657,Minh Quang AMG,25.992.992,61,0,0
133948475,PARROT 14,28.303.783,1.596.452,173.009,370.437,111757376,桜Poussin piou,25.943.531,8.463.902,1.735.217,2.905.428,111757376,桜Poussin piou,25.943.531,8.037.387,831.554,530.473
133804769,ᴮᴴPopokBayi,28.184.248,4.302.448,59.429,266.318,134057003,ᴮᴴWICK,25.770.628,2.188.458,4.622,313.398,134057003,ᴮᴴWICK,25.770.628,897.184,267.382,126.785
127452954,ᵀʷˢ Arya,28.106.805,2.482.888,185.403,570.894,134445066,ᴮᴴBARBARIAN,25.756.061,4.706.401,38.366,125.580,134445066,ᴮᴴBARBARIAN,25.756.061,2.065.781,114.567,2.829
137412631,ᴮᴴ Reyznor,28.104.965,17.494.240,378.440,668.363,134400916,ᴮᶠ Aldo,25.712.799,4.353.540,12.042,685.419,134400916,ᴮᶠ Aldo,25.712.799,3.488.131,300.146,383.793
133921026,ヤ Kayser Söze,28.028.140,1.409.732,1.874,0,134676342,VisionTune,25.566.678,1.438.280,4.823,63.574,134676342,VisionTune,25.566.678,0,0,0
134215002,ᴮᴴMMario777,28.021.989,2.018.861,16.930,372.637,134215002,ᴮᴴMMario777,25.474.975,1.999.927,16.930,372.637,134215002,ᴮᴴMMario777,25.474.975,18.934,0,0
133743878,HarleyDown1ng,27.931.764,211.753,2.057,502.883,133710582,ᴮᴴUnclePhaw,25.463.747,4.992.456,81.444,623.350,133710582,ᴮᴴUnclePhaw,25.463.747,Migrated,,
134400916,ᴮᶠ Aldo,27.903.003,7.841.671,312.188,1.069.212,133831613,ᴮᴴ ÆvanS,25.157.547,4.390.525,20.604,257.691,133831613,ᴮᴴ ÆvanS,25.157.547,Migrated,,
134082462,ЧайХона,27.854.542,3.934.937,107.151,219.390,128707143,ᴮᴴMIYABI,25.089.815,5.971.532,215.879,1.366.684,128707143,ᴮᴴMIYABI,25.089.815,Migrated,,
133776069,elkillermc14new,27.814.936,2.471.139,144.381,373.925,134187362,prime1102,25.021.907,207.245,0,3.981,134187362,prime1102,25.021.907,29.824,0,99.436
111757376,桜Poussin piou,27.736.924,16.501.289,2.566.771,3.435.901,133804769,ᴮᴴPopokBayi,25.009.903,2.070.692,1.573,228.979,133804769,ᴮᴴPopokBayi,25.009.903,2.231.756,57.856,37.339
134095657,Minh Quang AMG,27.718.300,3.980.574,103.895,133.174,134375605,ᴮᴴ AnderS,25.008.415,1.278.007,3.253,150.641,134375605,ᴮᴴ AnderS,25.008.415,669.208,103.706,161.017
133922905,ᴮᴴ MEO ツ,27.684.192,5.284.767,75.066,796.482,134397586,ASRAEL,24.982.614,1.007.620,16.206,354.319,134397586,ASRAEL,24.982.614,180.853,33.499,134.026
133820612,ᴮᴹTiger,27.507.292,1.228.147,115.697,615.080,133700345,ᴮᴴPhiwPhiw,24.968.249,4.546.932,19.733,232.740,133700345,ᴮᴴPhiwPhiw,24.968.249,0,0,0
134375676,ᴮᴴ Richter,27.418.442,3.700.479,65.721,676.654,133948475,PARROT 14,24.909.378,1.250.564,4.014,333.122,133948475,PARROT 14,24.909.378,345.888,168.995,37.315
134341546,ᴮᴴJehanKing,27.416.169,7.457.202,71.796,397.715,134125616,ᴮᴴ P4ST0R 7,24.827.690,6.088.587,70.627,1.209.146,134125616,ᴮᴴ P4ST0R 7,24.827.690,2.603.554,619.685,409.204
134057003,ᴮᴴWICK,27.742.655,3.085.642,272.004,440.183,133813651,ᴮᴴNeiiZ,24.805.277,1.998.656,11.332,432.962,133813651,ᴮᴴNeiiZ,24.805.277,487.236,122.132,12.376
134392036,LocalDimwit,27.325.152,1.755.529,189.264,241.889,133735993,亗DOBRO亗,24.625.715,1.845.400,0,64.433,133735993,亗DOBRO亗,24.625.715,3.257.409,160.112,20.464
134403196,ᴮᴹ  MIRA,27.360.193,322.605,33.754,58.043,134064171,ᴮᴾ Homero,24.637.067,2.888.426,23.284,443.026,134064171,ᴮᴾ Homero,24.637.067,968,0,0
134177598,ᴮᴴSherry,27.291.431,9.533.564,149.970,436.131,133589803,ᴮᴴRemmyッ,24.470.270,5.862.195,41.454,528.473,133589803,ᴮᴴRemmyッ,24.470.270,1.966.253,464.671,197.407
134200808,ᴮᴴElGato,27.225.821,6.739.980,94.552,266.639,133859647,ᴮᴴLESTER亗,24.352.935,2.283.122,13.706,525.813,133859647,ᴮᴴLESTER亗,24.352.935,Quit,,
133589803,ᴮᴴRemmyッ,27.204.785,7.828.448,506.125,725.880,133922905,ᴮᴴ MEO ツ,24.293.251,4.846.033,27.336,642.140,133922905,ᴮᴴ MEO ツ,24.293.251,438.734,47.730,154.342
133965103,Destructor,27.228.496,3.844.895,380.087,418.643,133669035,yuniekosha,24.286.660,1.790.794,3.620,344.368,133669035,yuniekosha,24.286.660,110.877,26.792,4.313
134367349,ʷʷᶜQueen,27.181.116,9.689.837,416.509,1.317.845,134432962,ᴮᴹ Bishka,24.272.781,1.884.333,5.856,431.946,134432962,ᴮᴹ Bishka,24.272.781,2.131.276,9.854,203.824
134125616,ᴮᴴ P4ST0R 7,27.146.404,8.692.141,690.312,1.618.350,134326348,亗 파파스머프 亗,24.184.683,383.240,0,110.027,134326348,亗 파파스머프 亗,24.184.683,458.698,95.505,38.717
134359855,ᴮᴹYoryk85,27.040.835,4.748.540,118.242,420.135,119462577,ANR TaxistEvgen,24.047.270,1.071.372,114.386,1.356.329,119462577,ANR TaxistEvgen,24.047.270,484.530,49.936,331.481
133557969,LYS II,26.813.130,4.634.994,459.361,570.454,134663752,anvisboy,24.036.997,816.468,2.943,270.717,134663752,anvisboy,24.036.997,2.302.133,113.915,205.526
134064171,ᴮᴾ Homero,26.869.345,2.889.394,23.284,443.026,134392036,LocalDimwit,24.021.529,1.166.853,16.955,153.768,134392036,LocalDimwit,24.021.529,588.676,172.309,88.121
133616760,ᴮᴴKoiBlacK,26.714.061,1.270.494,9.806,174.443,134647758,Mxke,23.955.240,7.117.996,42.568,553.696,134647758,Mxke,23.955.240,non found,,
133669035,yuniekosha,26.574.981,1.901.671,30.412,348.681,133616760,ᴮᴴKoiBlacK,23.928.201,1.255.739,9.806,174.443,133616760,ᴮᴴKoiBlacK,23.928.201,v,,
134663752,anvisboy,26.405.800,3.118.601,116.858,476.243,133839108,亗METEOR亗SAM,23.896.792,10.790.275,48.452,823.978,133839108,亗METEOR亗SAM,23.896.792,5.201.614,615.730,355.416
134014465,乂 Jake 乂,26.187.565,3.254.107,380.766,709.835,134341546,ᴮᴴJehanKing,23.781.437,7.045.141,22.267,368.276,134341546,ᴮᴴJehanKing,23.781.437,412.061,49.529,29.439
134432962,ᴮᴹ Bishka,26.166.108,4.015.609,15.710,635.770,134369777,ᴮᴾSnow,23.681.933,2.884.959,28.191,683.571,134369777,ᴮᴾSnow,23.681.933,Quit,,
134373304,MonkeeyDLuffy,26.101.678,2.707.206,6.283,500.922,134398822,ᶜⁿTicloud,23.678.914,792.999,1.123,421.936,134398822,ᶜⁿTicloud,23.678.914,269.656,69.407,39.003
134647758,亗 GRĒĒN 亗,25.993.404,10.323.804,200.053,888.003,134221068,Electroknight,23.594.982,295.815,0,351.589,134221068,Electroknight,23.594.982,86.947,49.724,2.629
134363950,ʷʷᶜReport 1,25.967.124,1.127.592,122.816,464.187,133965103,Destructor,23.549.193,2.099.190,26.091,209.468,133965103,Destructor,23.549.193,1.745.705,353.996,209.175
134676342,VisionTune,25.960.446,1.438.280,4.823,63.574,133690139,ᴮᴴ KS7,23.539.421,7.825.234,40.928,804.259,133690139,ᴮᴴ KS7,23.539.421,2.464.925,148.129,236.043
134022474,Boss baby,25.952.227,3.463.345,200.712,1.004.396,133984562,ᴮᴴFernando,23.488.577,932.382,5.081,146.001,133984562,ᴮᴴFernando,23.488.577,Quit,,
134614201,MaBoy,25.913.996,2.376.378,245.219,642.784,134236379,亗HK亗,23.341.090,8.163.609,11.210,964.729,134236379,亗HK亗,23.341.090,4.152.619,255.944,494.377
134271592,AloNee,25.894.833,3.241.126,147.944,383.113,133814894,ᴮᴴRaiimana,23.319.527,2.672.162,17.924,187.228,133814894,ᴮᴴRaiimana,23.319.527,0,0,0
134598851,iAmZhao333,25.711.283,245.583,35.226,189.232,134337996,Linh hi,23.218.253,671.090,1.906,268.463,134337996,Linh hi,23.218.253,26.300,0,0
133690139,ᴮᴴ KS7,25.673.319,10.290.159,189.057,1.040.302,134082462,ЧайХона,23.067.011,2.174.983,5.370,119.165,134082462,ЧайХона,23.067.011,1.759.954,101.781,100.225
134390649,ᴮᴹParagon,25.622.061,10.990.358,496.248,887.472,134367349,ʷʷᶜQueen,23.014.226,5.130.118,24.072,821.344,134367349,ʷʷᶜQueen,23.014.226,4.559.719,392.437,496.501
134432925,DIØ 乂,25.572.778,3.502.566,128.098,666.969,134287896,ᴮᴴTylrend,22.990.184,2.360.783,0,125.177,134287896,ᴮᴴTylrend,22.990.184,non found,,
134187362,prime1102,25.570.603,237.069,0,103.417,133820612,ᴮᴹTiger,22.983.818,381.988,0,520.537,133820612,ᴮᴹTiger,22.983.818,non found,,
134221068,Electroknight,25.507.574,382.762,49.724,354.218,133915714,M O J O m a n,22.976.685,4.222.984,44.261,649.227,133915714,M O J O m a n,22.976.685,non found,,
133598836,ᴮᴴgnufoo,24.488.443,5.636.726,368.090,2.003.474,133441654,ᴼᵖ Cori,22.967.164,4.579.767,16.259,1.095.158,133441654,ᴼᵖ Cori,22.967.164,4.215.910,208.223,258.414
133605833,ŁORD OF KÍNGS,25.366.515,1.087.038,13.241,452.710,134014465,乂 Jake 乂,22.795.307,2.301.425,54.715,489.153,134014465,乂 Jake 乂,22.795.307,952.682,326.051,220.682
134337996,Linh hi,25.290.814,697.390,1.906,268.463,133589788,Yait1,22.765.112,2.883.990,14.871,277.085,133589788,Yait1,22.765.112,non found,,
119462577,ANR TaxistEvgen,25.123.522,1.555.902,164.322,1.687.810,134359855,ᴮᴹYoryk85,22.773.512,2.491.604,2.023,357.201,134359855,ᴮᴹYoryk85,22.773.512,2.256.936,116.219,62.934
134360203,ᴮᶠKriger,25.045.122,2.876.449,237.057,309.181,133605833,ŁORD OF KÍNGS,22.661.847,1.072.164,13.241,452.710,133605833,ŁORD OF KÍNGS,22.661.847,14.874,0,0
133613853,Megamind2022,25.048.886,1.017.797,39.122,812.678,134381439,Viettel,22.580.943,136.364,0,104.864,134381439,Viettel,22.580.943,86.590,2.399,0
133859647,ᴮᴴLESTER亗,25.029.701,2.428.062,37.066,525.813,133745762,Dam Rude Farm1,22.546.166,5.972.910,487.801,1.251.428,133745762,Dam Rude Farm1,22.546.166,,,
133700345,ᴮᴴPhiwPhiw,24.968.249,4.546.932,19.733,232.740,134614201,MaBoy,22.534.856,1.543.199,7.959,392.485,134614201,MaBoy,22.534.856,,,
134430733,ᴮᶠKhoaiTây,24.822.901,1.435.192,59.415,620.337,134373304,MonkeeyDLuffy,22.495.142,2.632.992,6.283,495.364,134373304,MonkeeyDLuffy,22.495.142,,,
133814894,ᴮᴴRaiimana,24.750.089,2.672.162,17.924,187.228,133690313,ᴮᴴHEŁA,22.490.697,4.590.361,57.149,858.682,133690313,ᴮᴴHEŁA,22.490.697,,,
135126545,ᴮᶠDr Evil,24.671.786,178.037,53.537,27.087,134363950,ʷʷᶜReport 1,22.427.967,957.882,542,431.787,134363950,ʷʷᶜReport 1,22.427.967,,,
133441654,ᴼᵖ Cori,24.641.980,8.795.677,224.482,1.353.572,137412631,ᴮᴴ Reyznor,22.314.197,3.009.501,33.206,451.869,137412631,ᴮᴴ Reyznor,22.314.197,,,
134360984,thànhhh,24.472.889,5.438.894,303.601,749.548,134022474,Boss baby,22.056.452,1.998.259,13.430,657.154,134022474,Boss baby,22.056.452,,,
134212837,Réd Fox,24.361.855,2.818.041,57.583,551.549,134445676,ᴮᴾIrull,22.031.018,1.885.285,583,279.230,134445676,ᴮᴾIrull,22.031.018,,,
134643880,Whizz Di Dragon,24.343.785,531.720,76.107,375.168,134412920,ᴮᶠMichay,22.009.153,1.252.001,14.443,539.360,134412920,ᴮᶠMichay,22.009.153,,,
133979997,RUssian Bear,24.306.326,618.147,18.558,506.652,133894212,ᴮᴴthienngu,22.012.271,3.642.297,45.154,548.153,133894212,ᴮᴴthienngu,22.012.271,,,
134213634,Poyiu,24.259.634,2.138.336,87.467,652.651,133557969,LYS II,21.998.890,3.233.534,41.815,349.834,133557969,LYS II,21.998.890,,,
134264671,Cristony16,24.247.402,4.311.885,82.970,706.513,134177598,ᴮᴹ Sherry,21.842.941,4.192.466,9.374,334.070,134177598,ᴮᴹ Sherry,21.842.941,,,
134365777,BF KOSTA HELLAS,24.198.287,1.201.707,114.360,342.585,134598851,iAmZhao333,21.758.583,205.974,30.367,189.232,134598851,iAmZhao333,21.758.583,,,
133839108,亗METEOR亗SAM,24.017.369,15.991.889,664.182,1.179.394,133947927,Yvonne T2MZ,21.743.665,508.680,1.292,448.461,133947927,Yvonne T2MZ,21.743.665,,,
133966437,ᴮᴴ OVO,24.052.565,4.252.795,65.381,1.041.615,134395400,ᴮᴴ Kurama68,21.582.492,2.001.269,4.089,707.931,134395400,ᴮᴴ Kurama68,21.582.492,,,
133761765,ᴮᶠGökbök,24.051.332,895.720,135.493,179.572,134016063,ᴮᴹLucifer,21.576.575,5.769.724,10.068,861.449,134016063,ᴮᴹLucifer,21.576.575,,,
134046170,FR lolo,24.034.601,559.004,59.151,318.423,134403196,ᴮᴹMIRACULIX,21.488.883,209.091,5.647,44.660,134403196,ᴮᴹMIRACULIX,21.488.883,,,
133745762,mini dammis,24.047.512,5.975.208,493.293,1.251.428,134205748,ᴷᴮ yingKT,21.445.723,10.588.692,41.722,1.557.567,134205748,ᴷᴮ yingKT,21.445.723,,,
134381439,Viettel,23.572.177,222.954,2.399,104.864,134197252,urgot,21.389.501,1.010.648,2.868,49.968,134197252,urgot,21.389.501,,,
134628022,Kurac159,23.512.767,119.453,9.497,136.432,134212837,Réd Fox,21.369.163,1.741.054,10.446,417.302,134212837,Réd Fox,21.369.163,,,
133690313,ᴮᴴHEŁA,23.515.891,4.931.914,132.789,902.794,133613853,Megamind2022,21.343.026,351.757,18.088,812.678,133613853,Megamind2022,21.343.026,,,
134412920,ᴮᶠMichay,23.495.740,2.820.834,253.207,862.106,133883402,ᴮᶠ Mr Tuan,21.355.870,1.977.281,8.138,95.389,133883402,ᴮᶠ Mr Tuan,21.355.870,,,
133984562,ᴮᴴFernando,23.488.577,932.382,5.081,146.001,133621039,ᴮᴴAaravos,21.335.176,3.754.539,18.951,894.296,133621039,ᴮᴴAaravos,21.335.176,,,
134634600,亗MĪNK亗,23.472.984,4.558.359,476.332,764.157,134636503,z7aMaD,21.327.465,3.866.328,94.638,509.862,134636503,z7aMaD,21.327.465,,,
133947927,Yvonne T2MZ,23.450.904,768.099,41.025,465.270,134418878,ᴮᴹ Hira,21.289.830,1.970.086,3.532,241.791,134418878,ᴮᴹ Hira,21.289.830,,,
134445676,irulll,23.431.663,1.927.895,583,279.230,134503470,Jill Valentine,21.259.482,175.601,25.881,5.273,134503470,Jill Valentine,21.259.482,,,
133883402,ᴮᶠ Mr Tuan,23.260.733,3.750.458,276.811,305.977,134360984,thànhhh,21.208.697,2.831.920,16.082,656.786,134360984,thànhhh,21.208.697,,,
129559514,61ŞAHİNBEY61,23.370.226,1.046.723,3.247,947.504,133883395,ᴮᴴ Forever,21.202.196,992.899,8.172,228.095,133883395,ᴮᴴ Forever,21.202.196,,,
134016063,ᴮᴹLucifer,23.225.560,11.365.112,807.254,1.400.010,134375676,ᴮᴴ Richter,21.188.427,2.406.319,8.598,627.121,134375676,ᴮᴴ Richter,21.188.427,,,
133894212,ᴮᴴ Liam,23.167.121,3.740.373,45.154,550.209,134203368,ᴮᴴZownX,21.124.648,2.787.721,34.249,706.306,134203368,ᴮᴴZownX,21.124.648,,,
134407017,ᴮᴴ Black VN,23.109.068,3.433.511,137.469,793.351,129559514,61ŞAHİNBEY61,21.102.277,625.410,3.247,944.232,129559514,61ŞAHİNBEY61,21.102.277,,,
134381430,bf Primuny,23.106.668,1.001.524,79.617,469.630,134130925,亗CRËAM亗,21.100.338,1.367.387,23.866,514.205,134130925,亗CRËAM亗,21.100.338,,,
134418878,Hirachan,23.094.238,2.404.050,85.513,338.752,134365777,BF KOSTA HELLAS,21.095.850,365.240,0,300.221,134365777,BF KOSTA HELLAS,21.095.850,,,
134353431,ᴮˢFocused,23.047.284,800.273,5.194,285.047,133598836,ᴮᴴgnufoo,21.089.818,3.341.052,7.905,1.270.708,133598836,ᴮᴴgnufoo,21.089.818,,,
133798797,ᴮᴹDArtagnan,23.014.415,555.698,803,167.166,134133988,ᴮᴹAngry Owl,21.045.464,4.817.641,13.032,527.195,134133988,ᴮᴹAngry Owl,21.045.464,,,
133662962,ᴮᴹЯziчniK,22.945.857,1.527.787,39.483,405.736,134200808,ᴮᴴElGato,21.022.278,4.399.231,13.879,55.203,134200808,ᴮᴴElGato,21.022.278,,,
134390684,SKOK,22.940.005,75.080,95,254.631,133691225,ᴮᴴ HEFESTO,21.019.181,4.950.639,28.585,935.005,133691225,ᴮᴴ HEFESTO,21.019.181,,,
134236379,亗HK亗,22.937.315,12.316.228,267.154,1.459.106,133979997,RUssian Bear,20.976.389,403.005,5.078,486.921,133979997,RUssian Bear,20.976.389,,,
134376185,ᴇɪʀᴀ,22.916.463,2.065.711,248.888,687.332,134432925,DIØ 乂,20.929.459,2.229.666,2.590,371.949,134432925,DIØ 乂,20.929.459,,,
134375518,Reveta,22.895.327,2.085.624,82.863,421.318,133824264,WALI AKHIRAT,20.930.698,1.980.694,22.037,93.528,133824264,WALI AKHIRAT,20.930.698,,,
134410452,VOK KaruaK,22.789.230,292.514,21.855,200.622,134677055,ᴮᴴ Levin,20.942.098,619.845,4.990,20.243,134677055,ᴮᴴ Levin,20.942.098,,,
134600018,Yuuta19,22.781.196,1.279.370,26.713,315.703,134213634,Poyiu,20.800.042,1.458.622,39.503,367.043,134213634,Poyiu,20.800.042,,,
134412742,LIL UDIN,22.740.079,1.350.027,4.272,228.560,134033724,Arc H,20.605.610,6.819.751,23.646,1.356.604,134033724,Arc H,20.605.610,,,
134130925,亗CRËAM亗,22.731.601,1.527.134,41.774,521.495,133776069,elkillermc14new,20.598.210,1.166.743,20.424,246.000,133776069,elkillermc14new,20.598.210,,,
134617911,BiiiZ,22.698.653,2.255.643,28.945,303.455,134046170,FR lolo,20.579.088,238.566,6.443,318.423,134046170,FR lolo,20.579.088,,,
133945547,ᴮᴴ DONALD,22.634.284,1.865.401,610,328.527,134407017,ᴮᴴ Black VN,20.567.885,2.476.033,41.263,703.947,134407017,ᴮᴴ Black VN,20.567.885,,,
134636503,z7aMaD,22.620.942,6.033.979,431.616,998.959,134412742,LIL UDIN,20.566.700,1.339.469,4.272,228.560,134412742,LIL UDIN,20.566.700,,,
135480760,ᴮᴴ Si Đa,22.567.055,1.647.115,60.855,437.058,134580587,jandagame,20.512.893,2.985.781,25.398,796.803,134580587,jandagame,20.512.893,,,
134367327,ᴮᴴ vikingDK,22.552.594,917.511,21.804,146.292,134643880,Whizz Di Dragon,20.493.120,207.577,1.821,353.482,134643880,Whizz Di Dragon,20.493.120,,,
134205748,ᴷᴮ yingKT,22.525.253,10.656.581,42.180,1.557.567,134132932,ᴼᵖ Kuma,20.457.727,1.647.433,18.877,815.578,134132932,ᴼᵖ Kuma,20.457.727,,,
135673119,Chảy Lớn,22.450.422,2.083.387,67.360,159.155,134634600,Mīnk,20.399.447,2.714.419,51.960,393.635,134634600,Mīnk,20.399.447,,,
134314016,义UPANISHAD,22.438.907,3.996.036,36.328,191.147,133617496,ᴮᴴ Knight9x,20.368.376,822.158,1.836,280.893,133617496,ᴮᴴ Knight9x,20.368.376,,,
134615426,ecemeow,22.410.037,817.004,24.832,78.166,134390649,ᴮᴹParagon,20.358.836,6.444.890,25.731,657.282,134390649,ᴮᴹParagon,20.358.836,,,
133621039,ᴮᴴAaravos,22.407.358,4.978.781,171.541,1.001.083,134375518,Reveta,20.351.979,1.374.841,12.124,404.824,134375518,Reveta,20.351.979,,,
134503470,Lady Fay,22.397.517,655.140,25.881,5.273,133945547,ᴮᴴ DONALD,20.251.188,1.865.401,610,328.527,133945547,ᴮᴴ DONALD,20.251.188,,,
134197252,NDN03,22.357.740,2.604.904,14.450,691.213,134091843,ᴮᴴKurama,20.203.665,1.548.655,23.655,706.745,134091843,ᴮᴴKurama,20.203.665,,,
129904350,Pera Metlicic,22.306.606,44.349,5.031,26.478,133691331,ᴮᴴkilerwhin,20.189.085,1.700.613,62.730,400.083,133691331,ᴮᴴkilerwhin,20.189.085,,,
134380606,ᴮᴴChoper,22.183.897,526.791,55.407,70.212,134613676,ᴮᴹDoanHiep,20.181.586,513.790,6.684,122.548,134613676,ᴮᴹDoanHiep,20.181.586,,,
134133988,亗OWL亗,22.273.101,7.685.713,354.809,821.863,134590364,anhlamotsadboiz,20.160.181,3.153.493,4.810,765.919,134590364,anhlamotsadboiz,20.160.181,,,
134590364,anhlamotsadboiz,22.128.157,6.723.241,359.819,1.262.962,133629836,Kíllüà 14,20.125.637,1.927.044,6.273,824.310,133629836,Kíllüà 14,20.125.637,,,
134349669,ᴮᶠPhiLLip じ,22.146.943,9.666.974,574.719,1.094.113,134415357,Amikoo,20.122.341,725.260,0,462.811,134415357,Amikoo,20.122.341,,,
134066205,亗Savage亗,22.119.819,3.302.806,120.654,357.614,134577268,ﾒ Hennessy ﾒ,20.085.399,1.729.516,31.456,526.246,134577268,ﾒ Hennessy ﾒ,20.085.399,,,
134613676,ᴮᴹDoanHiep,22.102.840,592.398,11.713,188.823,134367684,Rikyyy30,20.052.088,665.294,609,604.964,134367684,Rikyyy30,20.052.088,,,
134009477,Sauulシ,22.037.583,2.589.371,186.728,685.347,134381430,bf Primuny,20.047.496,681.231,537,402.874,134381430,bf Primuny,20.047.496,,,
133646073,Majo Elaina,21.997.825,723.017,77.327,220.649,134094684,Satan7,20.038.300,2.208.135,130,220.941,134094684,Satan7,20.038.300,,,
133854714,德語Sadval,21.953.859,3.823.468,108.266,810.177,133678492,Sertok444,20.020.971,821.084,2.695,199.857,133678492,Sertok444,20.020.971,,,
133854970,亗KING MOMO亗,21.916.641,824.400,23.208,90.652,134167039,ᴮᴴLA LUNA,20.005.277,4.488.967,30.352,177.157,134167039,ᴮᴴLA LUNA,20.005.277,,,
134632570,Aaron Stone,21.897.840,108.579,987,169.781,133662962,ᴮᴹЯziчniK,19.961.969,1.470.587,8.634,321.791,133662962,ᴮᴹЯziчniK,19.961.969,,,
134577268,ﾒ Hennessy ﾒ,21.885.773,1.971.835,68.102,542.815,134373475,ᴮᶠ Bé Đen,19.953.632,1.930.310,3.296,482.829,134373475,ᴮᶠ Bé Đen,19.953.632,,,
134203368,ᴮᴴZownX,21.480.883,3.066.176,132.557,731.481,134418849,ᴮᴹhoadaik,19.927.742,181.839,0,41.319,134418849,ᴮᴹhoadaik,19.927.742,,,
134653993,HP23G,21.838.218,276.401,8.360,108.865,133814980,ᴮᴴKeuken,19.925.821,1.455.813,13.900,394.867,133814980,ᴮᴴKeuken,19.925.821,,,
134348296,ᴮᴹGannibal,21.818.411,20.068,0,7.424,134434120,ʷʷᶜTwix,19.933.282,2.953.695,32.828,749.201,134434120,ʷʷᶜTwix,19.933.282,,,
134011008,亗 JILLAN 亗,21.775.588,270.289,450,68.194,135480760,Si Đa,19.826.443,1.316.357,0,414.877,135480760,Si Đa,19.826.443,,,
133629836,Kíllüà 14,21.773.691,1.931.454,6.273,824.310,134362577,ᴮᶠCaptElie,19.787.559,632.079,3.239,468.607,134362577,ᴮᶠCaptElie,19.787.559,,,
133691225,ᴮᴴ HEFESTO,21.755.331,4.966.402,28.585,935.005,134430733,ᴮᶠKhoaiTây,19.781.696,461.094,0,555.178,134430733,ᴮᶠKhoaiTây,19.781.696,,,
134182488,ᴮᴴĐạt2k8,21.728.839,3.319.090,152.877,1.373.543,133889867,Shughen,19.743.381,85.606,0,923,133889867,Shughen,19.743.381,,,
134138274,ᶜˢTais,21.671.210,2.019.011,200.731,179.243,134403349,JESUS 88,19.728.454,1.435.612,4.089,510.760,134403349,JESUS 88,19.728.454,,,
133767136,ᴮᴹaloola,21.665.903,507.329,101.902,107.687,135673119,Chảy Lớn,19.718.970,1.711.080,0,143.340,135673119,Chảy Lớn,19.718.970,,,
134107260,ᴮᴹGinny,21.658.242,685.160,54.711,897,134314016,义UPANISHAD,19.653.813,1.641.959,2.271,166.485,134314016,义UPANISHAD,19.653.813,,,
133893225,SilverMooN,21.656.609,382.557,8.265,346.903,134066205,亗Savage亗,19.625.581,1.371.521,0,77.884,134066205,亗Savage亗,19.625.581,,,
134657493,Nosaka Yuma,21.615.402,192.758,4.546,42.742,133690109,ᴮᴴ Apolo,19.622.421,2.982.448,26.561,897.423,133690109,ᴮᴴ Apolo,19.622.421,,,
133617496,ᴮᴴ Knight9x,21.596.469,1.574.951,93.464,418.304,133767136,ᴮᴹaloola,19.566.290,189.847,5.347,96.832,133767136,ᴮᴹaloola,19.566.290,,,
134408979,ᴮᴰ MC tacos,21.585.620,1.488.136,38.885,209.238,134266071,HitlerQX,19.563.669,406.536,1.559,816.421,134266071,HitlerQX,19.563.669,,,
133678492,Sertok444,21.545.543,1.096.413,61.371,273.386,134353431,ᴮˢFocused,19.547.362,244.945,0,216.635,134353431,ᴮˢFocused,19.547.362,,,
134580587,jandagame,21.538.040,4.513.056,111.230,1.055.707,134367327,ᴮᴴ vikingDK,19.540.318,896.795,20.951,146.292,134367327,ᴮᴴ vikingDK,19.540.318,,,
134588386,乂GÏN乂,21.528.819,909.921,39.605,10.579,133966437,ᴮᴴ V,19.482.339,4.079.598,63.625,1.041.615,133966437,ᴮᴴ V,19.482.339,,,
133691331,ᴮᴴkilerwhin,21.512.702,1.700.613,62.730,400.083,134425615,ᴮᴴwizard,19.715.679,1.542.854,5.906,245.282,134425615,ᴮᴴwizard,19.715.679,,,
134395447,ᴮᴹKDDad,21.487.376,281.530,25.502,187.627,134353334,Jid,19.438.835,2.090.270,15.968,909.484,134353334,Jid,19.438.835,,,
134356049,Трамп,21.476.069,311.977,10.079,11.940,134011008,亗 JILLAN 亗,19.410.468,208.907,450,68.194,134011008,亗 JILLAN 亗,19.410.468,,,
134091843,ᴮᴴKurama,21.398.126,1.724.194,33.199,727.574,134360203,ᴮᶠKriger,19.411.335,1.712.623,4.286,80.478,134360203,ᴮᶠKriger,19.411.335,,,
133594579,ᴮᴴTheRipper,21.362.263,4.634.573,192.790,1.257.901,133739006,N A Z R Y,19.371.339,1.604.673,3.682,415.401,133739006,N A Z R Y,19.371.339,,,
134367684,Rikyyy30,21.343.216,3.986.552,85.599,1.606.710,134349669,ᴮᶠPhiLLip じ,19.340.619,4.953.555,40.137,802.966,134349669,ᴮᶠPhiLLip じ,19.340.619,,,
134434120,ʷʷᶜTwix,21.335.425,4.252.745,264.509,1.366.277,100797970,ᴮᴴKILL YOU,19.356.108,4.379.589,20.070,1.087.112,100797970,ᴮᴴKILL YOU,19.356.108,,,
134677055,ᴮᴴ Levin,21.292.897,619.845,4.990,20.243,134608534,RAIKIRY4017,19.308.584,95.647,0,60.638,134608534,RAIKIRY4017,19.308.584,,,
134406414,戰神戰將,21.275.753,301.722,0,4.772,134380606,ᴮᴾ jendral,19.212.534,231.027,642,24.073,134380606,ᴮᴾ jendral,19.212.534,,,
134373475,ᴮᶠ Bé Đen,21.270.474,2.790.449,63.878,600.377,133663993,ᴷᴮAinz,19.169.614,3.339.947,46.459,883.261,133663993,ᴷᴮAinz,19.169.614,,,
134394107,ᶜⁿGermanen,21.261.342,72.299,7.475,215.507,134379555,ᴮᶠ Phong8x,19.134.999,1.225.727,703,577.247,134379555,ᴮᶠ Phong8x,19.134.999,,,
134379555,ᴮᶠ Phong8x,21.259.783,1.928.712,168.131,768.888,134409905,TalentedKid,19.127.601,167.570,377,78.541,134409905,TalentedKid,19.127.601,,,
134375282,ⁿᵉʷHope,21.241.606,134.848,2.827,1.771,134600018,Yuuta19,19.123.955,1.222.372,17.219,315.703,134600018,Yuuta19,19.123.955,,,
134456504,ᴮᴴLupinnnn,21.200.626,1.579.236,16.534,351.043,133794769,ᴮᴴKAK SETO,19.102.637,2.078.091,9.593,639.751,133794769,ᴮᴴKAK SETO,19.102.637,,,
134455160,Atrebor 1,21.184.156,339.062,51.947,137.749,134182488,ᴮᴴĐạt2k8,19.070.780,1.464.401,916,905.503,134182488,ᴮᴴĐạt2k8,19.070.780,,,
134280103,ᴮᴹÓnizukâ,21.156.338,1.407.163,84.311,414.730,134617911,BiiiZ,19.033.860,843.899,240,268.988,134617911,BiiiZ,19.033.860,,,
134132932,ᴼᵖ Kuma,21.114.208,1.887.028,87.674,925.768,133854714,ᴮᴹReaper,19.012.283,3.426.190,47.565,808.047,133854714,ᴮᴹReaper,19.012.283,,,
134362577,ᴮᶠCaptElie,21.106.172,1.075.615,24.396,552.560,135126545,ᴮᶠDr Evil,18.989.592,33.553,0,27.087,135126545,ᴮᶠDr Evil,18.989.592,,,
134600992,ԍʀᴇʏ,21.066.473,792.177,112.000,275.020,133762853,ᴮᶠLightWolf,18.955.962,1.246.936,2.301,371.444,133762853,ᴮᶠLightWolf,18.955.962,,,
133762853,ᴮᶠLightWolf,21.058.245,2.655.112,369.688,495.310,129904350,Pera Metlicic,18.961.024,41.561,5.031,26.478,129904350,Pera Metlicic,18.961.024,,,
134415357,Amikoo,21.025.050,818.603,0,462.811,134410452,KING majapahit,18.971.514,243.554,0,164.804,134410452,KING majapahit,18.971.514,,,
133739006,N A Z R Y,20.939.554,1.833.617,60.055,602.980,133798797,ᴮᴹDArtagnan,18.920.556,273.893,453,153.470,133798797,ᴮᴹDArtagnan,18.920.556,,,
133889867,Shughen,20.930.676,121.000,0,22.521,134138274,ᶜˢTais,18.887.740,1.527.088,25.796,50.046,134138274,ᶜˢTais,18.887.740,,,
134163240,ᴮᶠ Yamato,20.926.834,843.545,33.270,493.665,134034751,ᴮᴴ Toska,18.865.258,5.828.545,43.135,611.637,134034751,ᴮᴴ Toska,18.865.258,,,
134475377,ᴮᴹKrusades,20.863.621,2.163.184,80.944,141.024,132596635,ᴰᴮMrKilen,18.865.628,720.671,0,871.200,132596635,ᴰᴮMrKilen,18.865.628,,,
100797970,ᴮᴴKILL YOU,20.730.977,5.852.395,56.863,1.351.500,134348296,ᴮᴹGannibal,18.864.489,2.100,0,7.424,134348296,ᴮᴹGannibal,18.864.489,,,
134027704,ᴮᴴSonase,20.537.129,4.731.483,202.424,1.301.429,133761765,ᴮᶠGökbök,18.843.894,315.363,0,62.523,133761765,ᴮᶠGökbök,18.843.894,,,
134360927,Heimatschuss,20.671.868,1.009,0,117.247,134027704,ᴮᴴSonase,18.794.533,2.351.082,7.339,1.095.461,134027704,ᴮᴴSonase,18.794.533,,,
134449710,ᴮᶠBossMan06,20.662.568,90.733,8.194,21.738,134390684,SKOK,18.696.577,66.540,0,254.631,134390684,SKOK,18.696.577,,,
134425615,ᴮᴴwizard,20.659.759,1.544.333,5.906,245.282,134406414,戰神戰將,18.674.162,110.065,0,4.490,134406414,戰神戰將,18.674.162,,,
134397605,ᴮˢRudd,20.594.418,1.583.359,225.484,451.138,134009477,Saulツ,18.624.281,890.274,14.341,577.932,134009477,Saulツ,18.624.281,,,
134034751,ᴮᴴ Toska,20.228.335,6.867.036,167.446,686.688,133594579,ᴮᴴTheRipper,18.654.813,3.823.615,769,921.282,133594579,ᴮᴴTheRipper,18.654.813,,,
134404176,Supersoldier,20.564.642,96.032,3.019,5.847,133844792,ᴸᴳGOD CHIRI,18.639.548,3.056.405,120.796,250.154,133844792,ᴸᴳGOD CHIRI,18.639.548,,,
134408838,ᴮᴴBRUTUS,20.551.109,11.569,0,101.219,134271592,ᴮᴹ AloNe,18.629.792,1.446.690,17.178,267.809,134271592,ᴮᴹ AloNe,18.629.792,,,
134167039,la luna,20.514.553,4.488.967,30.352,177.157,133874181,Kattya Cuteee,18.488.727,294.461,527,63.370,133874181,Kattya Cuteee,18.488.727,,,
134378361,BM Brafis,20.474.989,609.949,30.099,180.368,134394107,ᶜⁿGermanen,18.449.934,72.299,7.475,215.507,134394107,ᶜⁿGermanen,18.449.934,,,
133915355,Selwin,20.233.301,4.004.590,270.769,1.377.184,134300355,Tarboooz,18.415.711,1.354.928,4.346,505.504,134300355,Tarboooz,18.415.711,,,
134110121,LLinnnnh,20.407.992,3.019.043,202.762,476.262,134628022,Kurac159,18.384.695,54.510,0,136.432,134628022,Kurac159,18.384.695,,,
134408458,ʷʷᶜAstrø,20.411.531,121.708,21.313,38.780,133915355,Selwin,18.368.962,2.122.992,19.256,1.124.478,133915355,Selwin,18.368.962,,,
134412759,ᴮᴹblackenhh,20.380.783,3.251.285,240.543,660.231,134110121,LLinnnnh,18.351.324,1.927.264,20.885,184.612,134110121,LLinnnnh,18.351.324,,,
136407217,FaustTM,20.376.152,1.169.435,13.457,398.593,134657493,Nosaka Yuma,18.402.403,92.183,0,31.339,134657493,Nosaka Yuma,18.402.403,,,
133655834,Cerser31,20.373.824,1.413.036,170.427,328.000,134353437,ᴮᴹEptaBlya,18.373.349,383.266,0,96.205,134353437,ᴮᴹEptaBlya,18.373.349,,,
133844792,ᴸᴳGOD CHIRI,20.369.818,3.219.233,151.038,288.006,134379334,ᴮᶠ K2,18.256.072,1.322.786,6.474,559.971,134379334,ᴮᶠ K2,18.256.072,,,
134555487,ShadowMaN,20.314.914,842.550,4.994,131.022,134408979,ᴮᴰ MC tacos,18.178.121,1.051.632,0,209.238,134408979,ᴮᴰ MC tacos,18.178.121,,,
134406474,ᴮᶠ 1askrr,20.294.660,313.557,24.896,213.474,134356049,Трамп,18.145.441,138.576,0,11.940,134356049,Трамп,18.145.441,,,
134403349,JESUS 88,20.228.040,1.435.612,4.089,510.760,133646073,Majo Elaina,18.138.570,143.856,3.329,177.678,133646073,Majo Elaina,18.138.570,,,
133818240,҉ Boyka   ҉,20.203.695,184.030,1.464,274.457,134493493,HECTOR F2P,18.099.801,3.925.792,8.025,137.820,134493493,HECTOR F2P,18.099.801,,,
134589821,iPhan,20.155.005,149.585,24.259,121.695,133893225,ᴮᴹS Moon,18.083.212,249.931,0,326.647,133893225,ᴮᴹS Moon,18.083.212,,,
134398283,TxT CAT,20.151.815,323.881,13.063,311.212,134229325,L3oSolo,18.079.878,867.248,221,394.509,134229325,L3oSolo,18.079.878,,,
134229325,ᴮᴹL3onidark,20.150.313,973.338,351,394.509,134365132,ᴮᴾHankMoody,18.069.032,276.314,0,42.740,134365132,ᴮᴾHankMoody,18.069.032,,,
134418849,ᴮᴹhoadaik,20.113.200,181.839,0,41.319,134661263,JIHYOOO,18.035.507,919.620,10.903,524.897,134661263,JIHYOOO,18.035.507,,,
134353437,ᴮᴹEptaBlya,20.107.405,384.155,0,96.205,134127589,亗BLUË亗,18.017.999,622.314,890,797.522,134127589,亗BLUË亗,18.017.999,,,
135465460,ᴮˢCheerful,20.083.617,305.294,39.380,92.112,134395447,ᴮᴹKDDad,17.972.423,145.873,1.155,170.983,134395447,ᴮᴹKDDad,17.972.423,,,
134493493,HECTOR F2P,20.067.195,5.320.287,273.017,344.338,135241302,ᶜⁿ Bachuss,17.970.061,2.062,0,53.232,135241302,ᶜⁿ Bachuss,17.970.061,,,
134423138,ᴮˢHuongLilly,20.040.578,420.031,53.690,80.555,133813260,ᴮᴾ LSekk00,17.967.076,3.275.122,24.052,345.623,133813260,ᴮᴾ LSekk00,17.967.076,,,
134094684,Satan7,20.038.300,2.208.135,130,220.941,133655834,Cerser31,17.950.374,1.059.188,223,163.897,133655834,Cerser31,17.950.374,,,
133813260,ᴮᴾ LSekk00,20.006.299,3.944.681,172.255,461.423,136407217,FaustTM,17.909.496,916.298,179,378.470,136407217,FaustTM,17.909.496,,,
134280296,ᶜⁿGreathans,19.953.602,177.386,12.215,101.380,134264671,Cristony16,17.910.144,2.910.369,6.149,670.919,134264671,Cristony16,17.910.144,,,
134431852,nghèo tình,19.470.338,461.174,20.308,446.224,134163240,ᴮᶠ Yamato,17.891.357,595.785,0,483.879,134163240,ᴮᶠ Yamato,17.891.357,,,
134025208,ᴮᶠHanoiMage,19.888.487,2.244.225,53.649,466.552,134423138,ᴮˢHuongLilly,17.856.738,244.969,0,80.524,134423138,ᴮˢHuongLilly,17.856.738,,,
134439822,ᴮᶠ Torviiii,19.880.400,53.296,0,6.162,133854970,ᶜˢKING MOMO,17.845.379,444.310,12.346,84.829,133854970,ᶜˢKING MOMO,17.845.379,,,
134127589,亗BLUË亗,19.851.131,1.114.714,208.297,894.934,134375282,ⁿᵉʷHope,17.833.217,49.312,2.827,1.771,134375282,ⁿᵉʷHope,17.833.217,,,
134599678,VN Gà Con,19.840.915,666.892,114.888,624.122,134107306,ᴮᴾTank,17.822.546,261.035,260,406.932,134107306,ᴮᴾTank,17.822.546,,,
133762071,Thylacoco,19.789.513,1.058.682,0,54.706,134439822,ᴮᴾTorviiii,17.784.446,44.288,0,6.162,134439822,ᴮᴾTorviiii,17.784.446,,,
133735109,طويق00,19.776.303,1.844.041,27.820,630.834,134280103,ᴮᴹÓnizukâ,17.782.369,844.117,0,316.452,134280103,ᴮᴹÓnizukâ,17.782.369,,,
134379334,CrocodilE,19.810.736,2.627.322,26.982,1.282.025,134455160,Atrebor 1,17.773.782,140.705,0,33.877,134455160,Atrebor 1,17.773.782,,,
119427709,ᴮᴹ Amfira,19.774.612,135.077,18.651,629.362,134417449,ᴮᶠSabX,17.759.478,1.129.660,4.162,210.259,134417449,ᴮᶠSabX,17.759.478,,,
134621549,ZookIII,19.782.712,235.806,25.795,286.123,134475377,ᴮᴹKrusades,17.724.341,1.661.949,4.771,92.275,134475377,ᴮᴹKrusades,17.724.341,,,
134353334,Jid,19.763.076,3.118.789,213.527,1.105.348,134647667,ᴮᴴ Phala,17.690.315,1.307.825,25.735,563.019,134647667,ᴮᴴ Phala,17.690.315,,,
133924235,ᴮᶠ AviBaby,19.727.350,1.523.065,99.415,94.385,134093994,ᴮˢTranTien,17.668.451,339.228,7.960,204.947,134093994,ᴮˢTranTien,17.668.451,,,
134397468,ᴮᴰGiovane,19.711.175,808.351,77.801,249.645,134380018,kontolkau,17.639.919,1.258.358,539,317.516,134380018,kontolkau,17.639.919,,,
134365132,ᴮᶠHankMoody,19.700.203,1.331.975,151.896,275.488,134360927,Heimatschuss,17.691.972,1.009,0,117.247,134360927,Heimatschuss,17.691.972,,,
133690109,ᴮᴴ Apolo,19.661.421,2.982.448,26.561,897.423,133920816,OÐIИ,17.589.310,471.477,914,440.871,133920816,OÐIИ,17.589.310,,,
134534870,ᴮᶠ DonnyX,19.642.052,210.662,0,21.892,134456504,ᴮᴴLupinnnn,17.558.358,1.298.150,16.534,351.043,134456504,ᴮᴴLupinnnn,17.558.358,,,
134008164,ᴮᴴYg Kizame,19.640.905,1.481.555,37.971,650.693,134050764,ᴮᴴMonkey HC,17.559.879,148.241,7.072,37.938,134050764,ᴮᴴMonkey HC,17.559.879,,,
133728309,ᴮˢlᵘâȵ㋡,19.619.173,750.271,24.259,33.380,134008164,ᴮᴴYg Kizame,17.530.100,1.390.459,8.491,650.693,134008164,ᴮᴴYg Kizame,17.530.100,,,
134753792,Doãn Hào,19.573.127,167.687,6.183,102.522,119427709,ᴮᴹ Amfira,17.508.400,98.780,0,629.362,119427709,ᴮᴹ Amfira,17.508.400,,,
134400777,LightningDRAGON,19.573.042,881.979,122.429,572.632,133735109,طويق00,17.501.301,1.630.450,7.079,570.422,133735109,طويق00,17.501.301,,,
134093994,ᴮˢTranTien,19.549.758,364.285,7.960,204.947,133746457,ᴮᴴG҉ia,17.481.980,1.450.998,2.482,304.823,133746457,ᴮᴴG҉ia,17.481.980,,,
133811539,noseque ponerme,19.535.297,1.397.180,27.510,552.220,134406474,ᴮᶠ 1askrr,17.473.898,113.960,0,129.083,134406474,ᴮᶠ 1askrr,17.473.898,,,
134408900,Andrómaca XXI,19.579.043,170.314,22.678,268.991,134105075,VanillaSky,17.472.307,1.970.649,11.953,302.061,134105075,VanillaSky,17.472.307,,,
134409905,TalentedKid,19.483.174,167.570,377,78.541,133760977,AONSONICZ,17.462.737,407.564,0,526.111,133760977,AONSONICZ,17.462.737,,,
133920816,WﾑNTƐĐ,19.416.726,777.217,4.732,440.871,134376185,ᴇɪʀᴀ,17.441.181,1.258.131,32.728,579.611,134376185,ᴇɪʀᴀ,17.441.181,,,
133780388,ᴮᴴSpeed,19.374.360,2.566.226,38.464,733.749,134364134,Đại Phu,17.423.372,843.424,2.433,268.039,134364134,Đại Phu,17.423.372,,,
134450566,ᴮᶠDodo,19.270.675,825.930,55.651,332.587,134555487,ShadowMaN,17.394.507,842.550,4.994,131.022,134555487,ShadowMaN,17.394.507,,,
134262621,ᴮᴹGreeɲ,19.253.186,1.305.594,2.796,170.940,134400807,ⁿᵛᵃmukan,17.380.312,521.404,6.609,393.435,134400807,ⁿᵛᵃmukan,17.380.312,,,
134416951,ᴮᴰ Agostini,19.239.254,321.652,17.097,232.127,133818240,҉ Boyka   ҉,17.362.971,163.342,1.009,274.457,133818240,҉ Boyka   ҉,17.362.971,,,
134434868,MicroBaby,19.125.483,59.734,406,109.021,133728309,ᴮˢlᵘâȵ㋡,17.340.887,599.226,1.480,18.994,133728309,ᴮˢlᵘâȵ㋡,17.340.887,,,
134571102,Cam1469,19.036.170,1.026.399,176.347,348.677,134636369,HaleyAsHecc,17.301.919,398.622,0,48.201,134636369,HaleyAsHecc,17.301.919,,,
134366614,ᶜⁿScuzz,18.954.463,66.124,119,42.901,133924235,ᴮᶠ AviBaby,17.293.807,149.350,0,18.084,133924235,ᴮᶠ AviBaby,17.293.807,,,
134462242,ᴮᴹDurtyGurl,18.909.138,268.231,11.834,40.304,134589821,iPhan,17.280.095,32.454,0,103.621,134589821,iPhan,17.280.095,,,
134379923,LOORD ABN,18.934.817,455.021,30.151,212.370,134412759,ᴮᴹblackenhh,17.215.471,1.784.687,7.792,398.916,134412759,ᴮᴹblackenhh,17.215.471,,,
135241302,ᶜⁿ Bachuss,18.795.996,2.062,0,53.232,134615426,ecemeow,17.215.457,534.608,4.591,78.166,134615426,ecemeow,17.215.457,,,
134400807,ⁿᵛᵃmukan,18.778.423,521.404,6.609,393.435,134636652,JUM0NG,17.160.702,1.448.934,16.542,3.407,134636652,JUM0NG,17.160.702,,,
133848982,huyhih,18.721.511,175.375,4.699,353.597,134310739,ggyudi88,17.120.911,262.632,862,9.365,134310739,ggyudi88,17.120.911,,,
133861171,ᴮᴾMartiN,18.635.616,2.210.978,86.083,459.609,134025208,ᴮᶠHanoiMage,17.101.860,1.653.426,2.867,411.804,134025208,ᴮᶠHanoiMage,17.101.860,,,
134661263,JIHYOOO,18.665.267,1.971.830,288.569,800.771,134621549,ZookIII,17.068.856,64.633,141,233.838,134621549,ZookIII,17.068.856,,,
134631965,ᴮᴴRiseJesus,18.624.424,201.143,2.154,41.842,133848982,huyhih,17.061.834,159.763,0,197.268,133848982,huyhih,17.061.834,,,
133840350,Alissan,18.621.687,1.515.150,38.968,872.969,134653993,HP23G,17.045.078,49.962,0,35.171,134653993,HP23G,17.045.078,,,
134301155,ᴮᴰDariusss,18.614.856,1.286.539,187.280,189.499,134398283,TxT CAT,17.050.638,201.601,0,311.212,134398283,TxT CAT,17.050.638,,,
133883395,ᴮᴴ Forever,18.612.243,2.556.270,75.047,1.073.529,134397605,ᴮˢRudd,17.038.171,392.441,6.562,111.503,134397605,ᴮˢRudd,17.038.171,,,
134386474,亗rimuruツ亗,18.593.345,1.879.102,9.371,107.938,134571102,Cam1469,17.024.352,344.133,18.212,114.363,134571102,Cam1469,17.024.352,,,
134362468,JackWrld,18.591.769,289.502,40.486,196.772,134753792,Doãn Hào,16.988.527,125.310,403,94.129,134753792,Doãn Hào,16.988.527,,,
134636652,JUM0NG,18.554.551,1.971.199,135.900,3.725,134567621,Chrollo,16.984.593,491.977,0,76.106,134567621,Chrollo,16.984.593,,,
134126764,ᴬᵏTнoмz1q,18.532.450,818.444,112.320,239.468,134632570,Aaron Stone,16.938.483,3.638,0,154.811,134632570,Aaron Stone,16.938.483,,,
133874181,Kattya Cuteee,18.488.727,294.461,527,63.370,134301155,dariussssss,16.933.041,334.377,0,74.795,134301155,dariussssss,16.933.041,,,
134360164,ᴮᶠHuxi,18.472.711,1.202.124,73.949,232.397,134408458,ʷʷᶜAstrø,16.930.488,76.305,36,34.654,134408458,ʷʷᶜAstrø,16.930.488,,,
134336088,xiard,18.408.987,8.842,0,51.380,134262621,ᴮᴹGreeɲ,16.868.866,1.130.324,2.437,170.940,134262621,ᴮᴹGreeɲ,16.868.866,,,
134411166,JayBone,18.406.799,48.628,0,0,133650665,ᴮᴴKaraax1er,16.851.783,891.216,7.030,30.264,133650665,ᴮᴴKaraax1er,16.851.783,,,
134105075,VanillaSky,18.263.463,1.970.649,11.953,302.061,134534870,ᴮᴾDonnyX,16.831.721,206.645,0,21.557,134534870,ᴮᴾDonnyX,16.831.721,,,
134364134,ᴮᴹĐạiPhu,18.211.863,957.428,32.583,284.261,107986492,ChaosSoull,16.822.803,863.859,212.867,912.389,107986492,ChaosSoull,16.822.803,,,
134107306,ᴮᴾTank,18.202.913,261.035,260,406.932,135465460,ᴮˢCheerful,16.946.096,143.477,4.044,77.014,135465460,ᴮˢCheerful,16.946.096,,,
134266071,Thống đốc134266071,18.116.544,1.176.317,11.933,1.934.658,134074634,GoJiBerry F,16.759.766,357.715,0,35.510,134074634,GoJiBerry F,16.759.766,,,
133760977,AONSONICZ,18.084.549,614.768,0,559.334,133872978,Kun162,16.722.380,2.392.615,5.921,142.980,133872978,Kun162,16.722.380,,,
134390037,ᴮᴴButcher,18.072.672,1.476.970,13.567,668.819,134074644,ÏśÏśś,16.690.199,720.626,0,46.814,134074644,ÏśÏśś,16.690.199,,,
134567621,Chrollo,18.054.027,491.978,0,76.106,133861171,ᴮᴾMartiN,16.678.248,1.716.279,15.848,452.397,133861171,ᴮᴾMartiN,16.678.248,,,
134400553,SANTORxGOD,18.044.188,4.535.203,264.857,658.921,134378361,brafis,16.685.990,175.335,0,180.368,134378361,brafis,16.685.990,,,
133584303,kuboy030305,17.999.266,398.521,256,193.223,133980532,Bs Davy 1st,16.685.440,423.603,1.137,43.500,133980532,Bs Davy 1st,16.685.440,,,
134380674,Jepujee,17.942.083,30.168,4.738,16.317,134599678,VN Gà Con,16.638.132,427.844,6.472,482.459,134599678,VN Gà Con,16.638.132,,,
134389309,Trojan Bear,17.904.666,418.189,81.864,235.785,134109485,ᴮᴾ KING CR7,16.629.679,778.749,0,124.742,134109485,ᴮᴾ KING CR7,16.629.679,,,
134647667,ᴮᴴ Phala,17.868.532,1.307.825,25.735,563.019,134126764,ᴬᵏTнoмz1q,16.622.603,67.781,0,75.420,134126764,ᴬᵏTнoмz1q,16.622.603,,,
138376945,ᴮᶠUrbanus,17.881.090,1.039.480,78.542,139.997,133811539,ˣᴸMore,16.595.491,997.031,1.030,552.220,133811539,ˣᴸMore,16.595.491,,,
119862809,ᴮᴹSpaise,17.855.315,474.307,79.725,454.880,134408900,Andrómaca XXI,16.683.073,110.067,0,245.987,134408900,Andrómaca XXI,16.683.073,,,
134583588,Chảy Nhỏ,17.852.899,353.372,0,90.526,134336088,xiard,16.602.202,8.842,0,51.380,134336088,xiard,16.602.202,,,
134365640,Killjoy the 5th,17.826.911,206.846,66.120,399.921,134411166,JayBone,16.789.017,23.081,0,0,134411166,JayBone,16.789.017,,,
134050764,ᴮᴴMonkey HC,17.776.663,148.241,7.072,37.938,134404176,Supersoldier,16.580.748,13.901,0,0,134404176,Supersoldier,16.580.748,,,
133872978,ᴮᴴKUN,17.742.478,2.424.142,5.921,142.980,134210062,ᴮᴹHeliosys,16.563.424,470.088,1.558,113.155,134210062,ᴮᴹHeliosys,16.563.424,,,
109847627,Mèlıødaś,17.707.114,1.053.750,22.289,139.267,134400777,LightningDRAGON,16.551.732,223.265,0,390.187,134400777,LightningDRAGON,16.551.732,,,
134390579,HansenR,17.699.595,463.817,33.825,182.665,106253753,ᴸᵂEren,16.530.018,487.987,82.723,2.520.807,106253753,ᴸᵂEren,16.530.018,,,
133772054,Stormy Gale,17.675.345,133.649,0,194.902,134600992,ԍʀᴇʏ,16.509.300,300.828,321,185.302,134600992,ԍʀᴇʏ,16.509.300,,,
134364133,hirtzbach,17.644.569,7.073,0,0,102870203,BlackMentholฺ,16.449.177,115.730,178,814.838,102870203,BlackMentholฺ,16.449.177,,,
134380018,kontolkau,17.639.919,1.258.358,539,317.516,134462242,ᴮᴹDurtyGurl,16.760.893,234.791,98,38.005,134462242,ᴮᴹDurtyGurl,16.760.893,,,
134402360,OaksLastPokemon,17.612.322,15.392,0,0,134592039,ヤkiruu,16.423.677,899.161,42.621,352.453,134592039,ヤkiruu,16.423.677,,,
133623564,ᴮᶠFørsetī,17.653.127,2.959.184,256.732,511.758,133649035,ᴮᴴBelugaaID,16.365.696,1.940.343,18.136,1.202.462,133649035,ᴮᴴBelugaaID,16.365.696,,,
134636369,HaleyAsHecc,17.582.958,398.622,0,48.201,134631965,ᴮᴹ Jesus,16.378.542,135.116,151,34.879,134631965,ᴮᴹ Jesus,16.378.542,,,
134410899,ᴮᶠOssi,17.563.009,847.327,55.390,253.728,134431852,nghèo tình,16.339.922,342.781,3.441,441.071,134431852,nghèo tình,16.339.922,,,
134428900,ᴮᴹLogin,17.551.812,432.931,4.390,281.477,43049938,ᴮᴾPython,16.314.545,805.919,3.865,547.761,43049938,ᴮᴾPython,16.314.545,,,
134363311,Xtreme,17.504.213,112.165,0,304.570,134280296,ᶜⁿGreathans,16.382.157,56.189,0,101.380,134280296,ᶜⁿGreathans,16.382.157,,,
133432127,SimplyDoiT,17.471.314,480.782,12.990,182.742,134428900,ᴮᴹLogin,16.262.055,425.501,4.390,280.491,134428900,ᴮᴹLogin,16.262.055,,,
134696540,ᴮᶠOneLch,17.413.615,2.259.880,141.606,407.079,122002877,LethaLgeek,16.235.007,308.922,1.292,1.037.546,122002877,LethaLgeek,16.235.007,,,
77704512,new gerat,17.397.241,575.471,92.640,608.984,134625080,Jadey,16.223.176,277.418,0,25.648,134625080,Jadey,16.223.176,,,
134284289,ᴮᶠ龍 MIKE,17.465.433,65.597,0,224.216,133840350,Alissan,16.209.757,927.896,0,673.895,133840350,Alissan,16.209.757,,,
134623889,JOHN WlCK,17.390.035,96.175,1.456,39.873,134107260,ᴮᴹGinny,16.171.161,329.543,5.507,897,134107260,ᴮᴹGinny,16.171.161,,,
133885747,Thống đốc133885747,17.325.957,373.436,15.607,128.305,134370135,ᴮᴾRedbeard,16.141.733,225.150,0,29.729,134370135,ᴮᴾRedbeard,16.141.733,,,
134671418,メƁảʚʷ,17.282.900,484.105,4.198,133.780,134450566,ᴮᶠDodo,16.113.309,350.998,0,257.177,134450566,ᴮᶠDodo,16.113.309,,,
107986492,hAkuNtulGnaS,17.145.145,1.686.690,557.743,1.032.323,134583588,Chảy Nhỏ,16.088.661,311.409,0,74.253,134583588,Chảy Nhỏ,16.088.661,,,
134593952,Friiedel,17.208.258,193.382,20.948,21.088,134364133,hirtzbach,16.067.181,0,0,0,134364133,hirtzbach,16.067.181,,,
134625080,I quit Jadey,17.208.773,277.418,0,25.648,133815225,CanarD BoiTeuX,16.060.077,671.362,3.480,384.339,133815225,CanarD BoiTeuX,16.060.077,,,
134012338,Jervan,17.129.623,245.243,41.981,200.456,134407645,ᴮᴾLanceNatz,16.037.371,298.942,80.404,1.343.481,134407645,ᴮᴾLanceNatz,16.037.371,,,
134310739,ggyudi88,17.120.911,262.632,862,9.365,134579801,亗WHITË亗,16.025.455,3.998.491,37.579,584.480,134579801,亗WHITË亗,16.025.455,,,
134425028,pieterman878,17.100.221,84.447,14.928,173.872,134671418,メƁảʚʷ,15.974.901,447.692,4.198,133.780,134671418,メƁảʚʷ,15.974.901,,,
102870203,BlackMentholฺ,17.082.483,115.730,178,814.838,134206683,XxAnnaaxX,15.972.885,2.620.067,11.811,953.554,134206683,XxAnnaaxX,15.972.885,,,
134414017,ᴮˢTF994,17.046.856,377.826,81.472,11.553,134479124,gibacanoasrs,15.939.684,658.087,38.168,183.908,134479124,gibacanoasrs,15.939.684,,,
133588304,ᴮᴴZombrAL,17.034.634,1.995.390,60.047,870.296,134386474,ᴮᴰ asuraツ,15.922.431,708.745,0,107.099,134386474,ᴮᴰ asuraツ,15.922.431,,,
134301734,ᴮᵐSenator,16.973.260,92.281,0,96.283,133584303,kuboy030305,15.896.112,92.718,0,193.223,133584303,kuboy030305,15.896.112,,,
106253753,ᴸᵂEren,16.935.876,487.987,82.723,2.520.807,133615296,khanhbipro,15.892.445,64.681,0,153.200,133615296,khanhbipro,15.892.445,,,
134530265,ᴮᶠLuummaa,16.933.078,2.290.633,117.935,248.402,133772054,Stormy Gale,15.922.525,130.973,0,194.902,133772054,Stormy Gale,15.922.525,,,
134437801,HaserHUN,16.906.745,62.191,0,130.756,33624370,ᶜⁿK4PG4N,15.815.869,326.453,0,468.942,33624370,ᶜⁿK4PG4N,15.815.869,,,
133983610,Héphaïstøs,16.911.971,86.052,7.287,207.368,134379923,LOORD ABN,15.774.289,170.936,0,77.520,134379923,LOORD ABN,15.774.289,,,
134514397,BaNg Lii,16.876.027,1.585.976,26.636,189.576,133432127,SimplyDoiT,15.758.471,384.782,2.256,12.293,133432127,SimplyDoiT,15.758.471,,,
134344890,FrSellig,17.261.005,2.952.917,285.399,257.164,133780388,ᴮᴴSpeed,15.744.892,1.846.169,5.529,651.765,133780388,ᴮᴴSpeed,15.744.892,,,
134417449,ᴮᶠSabX,16.835.073,3.421.142,362.323,654.426,134410899,ᴮᶠOssi,15.733.261,474.756,0,134.571,134410899,ᴮᶠOssi,15.733.261,,,
134395981,UAE79,16.798.105,22.147,0,66.711,133760878,ᴮᴴ Senji,15.723.869,229.417,9.642,144.084,133760878,ᴮᴴ Senji,15.723.869,,,
134360188,ʷʷᶜMagnus,16.797.285,192.552,20.358,15.891,133829621,ᴮᴾIRONTOBI,15.722.859,319.882,354,94.477,133829621,ᴮᴾIRONTOBI,15.722.859,,,
134368036,ᴮᴰSmokeWeed,16.774.164,179.833,51.484,88.793,134363311,Xtreme,15.680.302,97.508,0,304.570,134363311,Xtreme,15.680.302,,,
134074634,GoJiBerry F,16.759.766,357.715,0,35.510,134070655,ᴮᴹМаpгo,15.629.977,228.924,0,165.574,134070655,ᴮᴹМаpгo,15.629.977,,,
134238309,dogSoldier,16.734.611,1.555.190,47.011,299.893,134196113,PutriSambo,15.594.071,900.682,9.420,193.008,134196113,PutriSambo,15.594.071,,,
134460409,Ronchon92,16.667.172,151.855,8.845,39.302,134449710,ᴮᶠBossMan06,15.581.249,8.780,0,17.775,134449710,ᴮᶠBossMan06,15.581.249,,,
134109485,ᴮᴾ KING CR7,16.655.091,778.749,0,124.742,134638243,Lj98,15.550.330,58.739,0,134.583,134638243,Lj98,15.550.330,,,
134373889,ᴮᶠAmi,16.615.664,525.989,26.003,144.658,133973877,ᴮᴴToniLeBG,15.551.055,253.554,5.920,1.079.172,133973877,ᴮᴴToniLeBG,15.551.055,,,
134210062,ᴮᴹHeliosys,16.611.310,471.079,55.151,581.815,133616564,ViXi13,15.544.576,334.840,776,386.411,133616564,ViXi13,15.544.576,,,
134219191,Mr Wettnic,16.606.550,213.651,10.170,5.660,133671227,Aztral,15.534.838,474.773,6.865,78.687,133671227,Aztral,15.534.838,,,
134415071,Bh Bé Diễm,16.581.060,262.374,0,365,133858338,ᴮᴹPILOT,15.531.653,525.816,6.533,239.185,133858338,ᴮᴹPILOT,15.531.653,,,
133493851,ᴮᴹ Eddy Bro,16.525.476,59.619,15,207.281,133588304,ᴮᴾZombral,15.778.935,1.659.982,20.487,769.044,133588304,ᴮᴾZombral,15.778.935,,,
133858338,ᴮᴹPILOT,16.510.439,1.206.182,74.267,687.042,133623564,ᴮᶠFørsetī,15.519.170,1.371.051,558,215.980,133623564,ᴮᶠFørsetī,15.519.170,,,
134370135,ᴮᴾRedbeard,16.490.357,225.150,0,29.729,119862809,ᴮᴹSpaise,15.472.747,404.534,62.582,407.991,119862809,ᴮᴹSpaise,15.472.747,,,
133736332,WARWAR74,16.482.440,146.849,13.492,137.221,134360164,ᴮᶠHuxi,15.450.335,199.028,0,29.930,134360164,ᴮᶠHuxi,15.450.335,,,
134680806,Moldova,16.431.318,298.993,5.447,654.994,134389309,Trojan Bear,15.463.156,17.019,0,65.375,134389309,Trojan Bear,15.463.156,,,
134446499,TríchSài,16.396.230,43.395,0,19.009,133764307,FloK1,15.396.173,1.948.692,98.017,165.740,133764307,FloK1,15.396.173,,,
134638243,Lj98,16.314.317,318.375,59.647,391.325,134656968,Lady Faye,15.435.490,21.539,0,0,134656968,Lady Faye,15.435.490,,,
134315126,SNICK,16.317.029,990.565,31.282,253.103,133762177,ᴮᴴDarkLady,15.396.799,17.464,0,822,133762177,ᴮᴴDarkLady,15.396.799,,,
133815225,CanarD BoiTeuX,16.315.485,671.362,3.480,384.339,134571433,Lunatic149,15.358.640,255.802,1.168,40.565,134571433,Lunatic149,15.358.640,,,
43049938,ᴮᴾPython,16.314.545,805.919,3.865,547.761,134414017,ᴮˢTF994,15.305.800,299.974,5.052,11.553,134414017,ᴮˢTF994,15.305.800,,,
134441078,ᴮᶠAtom,16.310.477,412.681,24.419,191.893,134238309,dogSoldier,15.293.600,1.290.089,0,244.252,134238309,dogSoldier,15.293.600,,,
134450789,T i t u s,16.191.091,78.120,2.363,79.784,116987593,DieuZaken,15.272.608,253.835,98,42.507,116987593,DieuZaken,15.272.608,,,
133829621,ᴮᴾIRONTOBI,16.158.962,319.882,354,94.477,134447394,ChengShin,15.259.869,36.944,1.255,190.852,134447394,ChengShin,15.259.869,,,
134410731,ᴮᶠ CenaThor,16.101.984,159.068,0,113.090,134530265,ᴮᶠLuummaa,15.233.992,669.667,748,131.293,134530265,ᴮᶠLuummaa,15.233.992,,,
134415883,blackhole90,16.091.411,180.401,0,34.203,134344890,FrSellig,15.224.723,1.750.381,22.068,83.919,134344890,FrSellig,15.224.723,,,
133615296,khanhbipro,16.028.115,64.681,0,153.200,133736332,WARWAR74,15.179.031,145.365,13.492,137.221,133736332,WARWAR74,15.179.031,,,
134447394,ChengShin,16.010.184,36.944,1.255,190.852,134402360,OaksLastPokemon,15.142.814,15.392,0,0,134402360,OaksLastPokemon,15.142.814,,,
134206683,XxAnnaaxX,16.001.885,2.620.067,11.811,953.554,134416793,ᴮᴹManhgia,15.168.800,1.040.039,24.705,320.193,134416793,ᴮᴹManhgia,15.168.800,,,
134633024,Viper5210,15.993.498,109.625,286,21.291,133762071,Thylacoco,15.157.774,676.683,0,54.706,133762071,Thylacoco,15.157.774,,,
134653635,Moderation93,15.942.233,44.836,306,6.764,134395981,UAE79,15.112.030,22.147,0,66.711,134395981,UAE79,15.112.030,,,
134416061,Inaru,15.896.925,50.887,0,7.434,133885747,Thống đốc133885747,15.033.638,139.817,370,15.054,133885747,Thống đốc133885747,15.033.638,,,
133859625,VN Buggy,15.861.758,1.110.774,4.040,131.646,133899463,Cat 魔鬼,15.016.997,1.240.543,9.150,162.722,133899463,Cat 魔鬼,15.016.997,,,
133899463,Cat 魔鬼,15.837.243,2.196.247,167.351,763.275,134390579,HansenR,15.046.933,243.388,11.485,51.734,134390579,HansenR,15.046.933,,,
134255585,without a name,15.825.383,137.043,11.173,525.506,134371020,Tshiesty123,15.416.090,19.228,214,22.871,134371020,Tshiesty123,15.416.090,,,
33624370,ᶜⁿK4PG4N,15.815.869,326.453,0,468.942,134432628,Hoa MặtTrời,14.925.040,283.149,0,343.767,134432628,Hoa MặtTrời,14.925.040,,,
134399895,Tempest Wolf,15.782.343,169.255,1.085,37.190,134416951,ᴮᴰ Agostini,14.921.049,189.749,2,189.828,134416951,ᴮᴰ Agostini,14.921.049,,,
116987593,DieuZaken,15.769.120,253.835,98,42.507,134366614,ᶜⁿScuzz,14.846.806,45.005,0,42.901,134366614,ᶜⁿScuzz,14.846.806,,,
134350655,Empereur Sun Zi,15.744.454,51.444,10.085,14.523,134425028,pieterman878,14.867.189,11.318,0,57.231,134425028,pieterman878,14.867.189,,,
134400962,Godfather1,15.751.512,164.212,299,64.141,134434868,MicroBaby,14.765.298,47.887,406,109.021,134434868,MicroBaby,14.765.298,,,
133814773,Louisd06600,15.749.578,315.497,1.606,93.881,134365640,Killjoy the 5th,14.748.637,64.017,0,178.391,134365640,Killjoy the 5th,14.748.637,,,
133760878,ᴮᴴ Senji,15.723.869,229.417,9.642,144.084,133709389,ᴮᴾKenSaito,14.747.955,450.971,339,277.392,133709389,ᴮᴾKenSaito,14.747.955,,,
134416793,ᴮᴹManhgia,15.664.128,1.629.863,186.987,533.945,134362882,ZeLヅ,14.733.218,59.753,0,40.871,134362882,ZeLヅ,14.733.218,,,
134403821,Crystal King 9,15.664.510,117.435,5.091,363.860,133983610,Løuis,14.725.464,7.708,0,30.258,133983610,Løuis,14.725.464,,,
134371020,Tshiesty123,15.652.315,19.228,214,22.871,133663366,ᴷᴮArcher,14.720.197,2.143.816,36.375,339.989,133663366,ᴷᴮArcher,14.720.197,,,
134376314,SeçkiN,15.649.123,76.684,5.970,444.942,134416061,Inaru,14.702.311,50.887,0,7.434,134416061,Inaru,14.702.311,,,
134418488,Brutumis,15.630.918,144.400,10.901,107.586,134680806,Moldova,14.701.146,247.338,0,614.112,134680806,Moldova,14.701.146,,,
133399260,Saînt PH,15.628.464,323.015,3.400,72.625,134397468,ᴮᴰGiovane,14.698.684,205.937,760,165.625,134397468,ᴮᴰGiovane,14.698.684,,,
134196113,PutriSambo,15.606.827,1.165.313,14.658,275.932,134400962,Godfather1,14.700.489,164.212,299,64.141,134400962,Godfather1,14.700.489,,,
134024500,ᴮᶠBichii,15.633.168,1.062.372,90.252,331.286,134400553,SANTORxGOD,14.674.889,1.907.431,29.726,614.382,134400553,SANTORxGOD,14.674.889,,,
134589592,FREDY DER ROTE,15.582.031,411.082,23.757,265.914,133493851,ᴮᴹ Eddy Bro,14.648.831,47.783,0,207.281,133493851,ᴮᴹ Eddy Bro,14.648.831,,,
133671227,Aztral,15.568.038,474.773,6.865,78.687,134588386,乂GÏN乂,14.633.314,577.054,2.096,10.579,134588386,乂GÏN乂,14.633.314,,,
134009363,ᴮᴹDuker,15.542.117,576.551,60.656,243.097,134284289,ᴮᶠ龍 MIKE,14.632.455,43.956,0,220.960,134284289,ᴮᶠ龍 MIKE,14.632.455,,,
133647539,ᴮᴾAisha,15.527.610,98.035,0,0,133399260,Saînt PH,14.578.679,278.238,987,72.625,133399260,Saînt PH,14.578.679,,,
133709389,Boss mabieee,15.526.515,650.712,18.889,289.359,134582183,ᶜˢPhiDz01,14.522.694,57.139,0,90.015,134582183,ᶜˢPhiDz01,14.522.694,,,
6666588,Meg47StoRm,15.452.326,10.469,0,17.785,133739928,TIEO Vietnamme,14.470.080,78.730,0,271.403,133739928,TIEO Vietnamme,14.470.080,,,
134362882,ZeLヅ,15.449.734,118.442,0,42.981,134460409,Ronchon92,14.485.904,70.553,0,13.131,134460409,Ronchon92,14.485.904,,,
134571433,Lunatic149,15.448.287,811.242,64.748,736.131,134362468,JackWrld,14.439.240,51.761,536,175.170,134362468,JackWrld,14.439.240,,,
134395491,Piggy50,15.406.379,99.853,0,35.453,133814773,Louisd06600,14.384.744,309.210,1.606,93.881,133814773,Louisd06600,14.384.744,,,
134205577,ziquid,15.395.649,260.128,15.953,79.392,133621952,ᴮᴾ KuZan,14.361.780,49.123,0,204.572,133621952,ᴮᴾ KuZan,14.361.780,,,
134403845,RED MACUBAY,15.393.561,490.407,57.124,381.963,134380674,Jepujee,14.345.957,3.744,0,16.317,134380674,Jepujee,14.345.957,,,
134555162,ᴮᶠMalphas,15.402.624,34.160,0,77.559,134009363,ᴮᴹDuker,14.359.107,445.867,3.052,186.829,134009363,ᴮᴹDuker,14.359.107,,,
133621952,ᴮᴾ KuZan,15.311.486,49.123,0,204.572,133737841,ᴮᴹShinobu97,14.351.076,736.874,3.583,242.641,133737841,ᴮᴹShinobu97,14.351.076,,,
134354188,SultanUZB,15.310.715,320.942,0,349.423,133859625,VN Buggy,14.348.918,1.080.670,1.857,131.646,133859625,VN Buggy,14.348.918,,,
95022941,ʆuɑɳɑ,15.238.985,511.190,48.259,784.873,133827517,HausamSee,14.345.898,340.225,11.294,213.105,133827517,HausamSee,14.345.898,,,
134579801,亗WHITË亗,15.221.907,6.997.348,515.234,1.216.872,134039865,ᴮᴹDave,14.344.706,291.357,0,235.505,134039865,ᴮᴹDave,14.344.706,,,
134401440,wong Fei Hung,15.180.614,137.902,0,255.706,134372825,Andy Boffaren,14.334.489,1.224.064,18.332,542.400,134372825,Andy Boffaren,14.334.489,,,
134328011,Moto702,15.083.531,217.531,19.296,93.228,134437801,HaserHUN,14.298.262,18.721,0,60.604,134437801,HaserHUN,14.298.262,,,
134423758,Gormann,15.063.664,78.822,295,123.815,134389231,ᴮˢNewF2pChar,14.270.940,4.520,0,0,134389231,ᴮˢNewF2pChar,14.270.940,,,
133763420,legend d sunset,15.075.761,280.577,5.052,149.483,131903380,NixxieLace,14.259.286,439.644,9.034,224.139,131903380,NixxieLace,14.259.286,,,
134194372,東川王,15.073.996,23.517,0,1.699,134441078,ᴮᶠAtom,14.260.493,164.224,0,81.797,134441078,ᴮᶠAtom,14.260.493,,,
134387718,暗闇Kurayami,15.067.501,89.384,0,187.567,134593952,Friiedel,14.248.212,19.119,3.105,4.938,134593952,Friiedel,14.248.212,,,
134353147,احمد هواش,15.034.836,162.543,0,1.030.975,134442736,Ty Bf68,14.152.795,1.286.339,4.887,428.484,134442736,Ty Bf68,14.152.795,,,
134009204,ฬën d҉igø,15.026.103,704.564,51.396,746.641,134219191,ᴮˢ Niclas,14.142.605,134.702,0,5.660,134219191,ᴮˢ Niclas,14.142.605,,,
134370984,Couscous du 93,15.018.027,90.240,35.754,380.076,77704512,new gerat,14.137.656,190.407,0,565.147,77704512,new gerat,14.137.656,,,
134414739,dhenov,15.005.661,106.495,0,221.649,138376945,ᴮᶠUrbanus,14.137.270,146.467,0,8.303,138376945,ᴮᶠUrbanus,14.137.270,,,
134362803,BF68 Angel1ton,14.959.269,188.494,42.988,417.533,62965280,ANuBiSss,14.160.404,776.653,12.724,981.910,62965280,ANuBiSss,14.160.404,,,
133663366,ᴷᴮArcher,14.945.083,2.210.175,36.375,339.989,134315126,SNICK,14.132.732,570.266,10.582,206.969,134315126,SNICK,14.132.732,,,
133423514,MomArisa,14.886.292,349.753,719,207.421,134373889,ᴮᶠAmi,14.238.870,246.535,0,18.915,134373889,ᴮᶠAmi,14.238.870,,,
134317084,Clarke73,14.846.888,47.496,0,257.994,134623889,JOHN WlCK,14.087.798,54.092,0,39.873,134623889,JOHN WlCK,14.087.798,,,
134666528,Ad7mai007,14.828.601,1.038.856,53.968,294.809,134368036,ᴮᴰSmokeWeed,14.043.024,30.609,0,54.302,134368036,ᴮᴰSmokeWeed,14.043.024,,,
135684534,1995 rasec,14.826.928,1.791.950,100.107,759.606,134410731,ᴮᶠ CenaThor,14.042.344,134.202,0,111.929,134410731,ᴮᶠ CenaThor,14.042.344,,,
134656968,Lady Faye,14.806.695,64.403,0,0,133797514,Mirage G4 GLS,14.042.176,410.205,0,322.476,133797514,Mirage G4 GLS,14.042.176,,,
136143515,Mephedrones,14.688.465,39.380,0,28.038,134012338,Jervan,14.019.635,13.667,0,30.855,134012338,Jervan,14.019.635,,,
134120018,VMN Tonder,14.682.721,36.117,0,123.795,134009204,ฬën d҉igø,14.013.560,648.411,3.825,114.786,134009204,ฬën d҉igø,14.013.560,,,
135571863,Nunamaker,14.572.754,189.073,149,95.201,109847627,火 Anger,13.991.727,1.053.186,22.289,139.267,109847627,火 Anger,13.991.727,,,
135557589,HeccinHal,14.558.618,15.953,0,3.224,134120018,VMN Tonder,13.939.770,34.596,0,123.795,134120018,VMN Tonder,13.939.770,,,
134582183,ᶜˢPhiDz01,14.562.994,57.139,0,90.015,134375775,DOBERMANFURRY,13.954.934,28.593,0,0,134375775,DOBERMANFURRY,13.954.934,,,
134447261,ᶜⁿLady Alia,14.557.616,49.054,0,113.299,133480231,ᴮᴾjesussss1,13.939.792,45.295,5.471,206.347,133480231,ᴮᴾjesussss1,13.939.792,,,
134427271,ᴮˢanhkĩsư,14.539.882,99.978,0,599.084,134696540,ᴮᶠOneLch,13.937.063,862.589,907,167.933,134696540,ᴮᶠOneLch,13.937.063,,,
133739928,TIEO Vietnamme,14.508.942,78.730,0,271.403,89466822,rebelzealot,13.919.142,822.642,22.749,1.221.541,89466822,rebelzealot,13.919.142,,,
134384923,rat voyager,14.633.954,1.536.055,80.852,962.831,135557589,HeccinHal,13.916.073,15.953,0,3.224,135557589,HeccinHal,13.916.073,,,
134375775,DOBERMANFURRY,14.478.811,28.593,0,0,134514397,BaNg Lii,13.870.642,1.352.670,26.636,189.566,134514397,BaNg Lii,13.870.642,,,
45383048,MY QUEEN EREN,14.436.791,37.690,0,140.927,95022941,ʆuɑɳɑ,13.844.287,490.406,48.101,784.873,95022941,ʆuɑɳɑ,13.844.287,,,
133703632,ᴮᴾAdammm,14.429.146,717.720,8.536,298.573,134555162,ᴮᶠMalphas,13.835.322,2.724,0,77.559,134555162,ᴮᶠMalphas,13.835.322,,,
134364040,SuperMaz381,14.427.992,44.809,0,101.520,133423514,MomArisa,13.825.464,335.851,0,207.421,133423514,MomArisa,13.825.464,,,
134379466,Cutegem,14.425.107,87.002,0,81.661,133715323,OgLoRDluffY,13.777.028,49.028,0,34.203,133715323,OgLoRDluffY,13.777.028,,,
134397506,ᵂᴼᴰ Rivas,14.439.157,1.487.788,62.087,854.674,134584055,raMpaGe,13.758.524,633.413,0,72.686,134584055,raMpaGe,13.758.524,,,
134369520,TronRi,14.420.459,180.516,3.189,625.292,133717100,ᴮᴾM2K bAsaH,13.748.107,368.401,0,125.826,133717100,ᴮᴾM2K bAsaH,13.748.107,,,
134402742,ᴮᶠPhoenix,14.390.944,923.822,69.028,252.344,134412007,Bs Beachcomber,13.741.103,172.165,0,40.077,134412007,Bs Beachcomber,13.741.103,,,
133467174,tbinh95,14.390.581,347.050,17.357,238.121,134418488,Brutumis,13.711.450,47.560,176,103.297,134418488,Brutumis,13.711.450,,,
134304977,Tordensky,14.369.097,20.494,0,25.010,134937704,ImNotDutch,13.799.707,17.980,0,30.342,134937704,ImNotDutch,13.799.707,,,
134024730,ᴮᶠTetusFT,14.354.006,126.852,31.071,364.786,134399895,cn Dark Tempest,13.700.745,27.093,0,28.087,134399895,cn Dark Tempest,13.700.745,,,
133827517,HausamSee,14.345.898,340.225,11.294,213.105,98755368,PK2,13.701.056,461.265,97.791,1.194.972,98755368,PK2,13.701.056,,,
134372825,Andy Boffaren,14.334.489,1.224.064,18.332,542.400,134379466,Cutegem,13.692.611,61.966,0,28.530,134379466,Cutegem,13.692.611,,,
133590346,King K Rool,14.316.681,47.104,0,30.348,136143515,Mephedrones,13.681.450,37.659,0,28.038,136143515,Mephedrones,13.681.450,,,
134420073,MrFir3Fly,14.289.823,110.371,0,187.761,133983524,ᵍᶜThemurf89,13.670.781,12.961,0,31.233,133983524,ᵍᶜThemurf89,13.670.781,,,
133808591,颶ぉんぎつね,14.218.954,649.506,16.500,193.837,134328011,Moto702,13.652.258,104.035,0,40.695,134328011,Moto702,13.652.258,,,
134420464,wjwjwjwjwjwjwj,14.212.180,466.034,25.669,117.933,134091361,ᴮᴾ Minato,13.645.571,378.404,169,594.758,134091361,ᴮᴾ Minato,13.645.571,,,
134373883,ᴮᶠCiri,14.186.619,215.896,17.567,100.165,133790007,ᴮᴾPoveous,13.565.055,1.203.320,62.566,948.723,133790007,ᴮᴾPoveous,13.565.055,,,
133791503,Damnnnn,14.184.035,285.641,256,53.241,134301734,ᴮᴹ Senator,13.537.604,48.997,0,96.283,134301734,ᴮᴹ Senator,13.537.604,,,
134466721,UnKnOwN,14.153.300,7.426,0,0,134415883,blackhole90,13.524.991,55.321,0,34.203,134415883,blackhole90,13.524.991,,,
134082965,enilorac,14.297.452,53.105,4.613,57.407,133590210,ᴷᴮTlaloc亗,13.524.724,184.152,1.844,71.397,133590210,ᴷᴮTlaloc亗,13.524.724,,,
134413033,azzumi111,14.118.292,246.993,0,379.303,133572808,ᴮᴾRyūku,13.425.119,1.455.816,6.541,910.108,133572808,ᴮᴾRyūku,13.425.119,,,
133764307,FloK1,14.099.248,2.261.327,157.283,601.919,134212771,Marvinsitooo,13.401.384,132.655,0,78.959,134212771,Marvinsitooo,13.401.384,,,
134361136,Frodo141,14.109.329,116.567,0,74.715,135684534,1995 rasec,13.347.189,912.703,5.594,365.961,135684534,1995 rasec,13.347.189,,,
133421509,RixtonCoeg,13.993.347,189.572,29.841,181.142,134633024,Viper5210,13.337.741,75.738,0,21.291,134633024,Viper5210,13.337.741,,,
134433865,ᴮᴰKen55,13.966.154,90.026,937,170.285,134024730,ᴮᶠTetusFT,13.266.312,33.987,12.690,316.409,134024730,ᴮᶠTetusFT,13.266.312,,,
134393591,ᴮᴹ TÜRKER,13.962.415,28.570,0,6.656,134446499,TríchSài,13.255.590,8.584,0,19.009,134446499,TríchSài,13.255.590,,,
133983524,ᵍᶜThemurf89,13.948.911,12.961,0,31.233,134354188,SultanUZB,13.253.174,219.718,0,349.423,134354188,SultanUZB,13.253.174,,,
133572808,ᴮᴾRyūku,13.917.708,1.455.816,6.541,910.108,134255585,without a name,13.245.433,74.106,0,439.229,134255585,without a name,13.245.433,,,
134039865,ᴮᴹDave,13.893.780,566.333,0,235.505,134397506,ᵂᴼᴰ Rivas,13.213.002,1.101.024,3.668,636.927,134397506,ᵂᴼᴰ Rivas,13.213.002,,,
134394309,YippySkippy,13.879.476,149.021,17.925,411.185,134012992,Blacklisted亗,13.209.963,111.502,0,1.975,134012992,Blacklisted亗,13.209.963,,,
134412007,Bs Beachcomber,13.863.671,417.278,30.049,374.631,134205577,ziquid,13.175.593,146.079,776,75.118,134205577,ziquid,13.175.593,,,
133639745,ᴮˢFeldherr,13.838.243,60.880,0,33.086,133763420,legend d sunset,13.167.304,67.852,0,53.504,133763420,legend d sunset,13.167.304,,,
134584055,raMpaGe,13.832.829,633.413,0,72.686,133873536,PORTGAS D ACE,13.169.089,174.461,0,25.289,133873536,PORTGAS D ACE,13.169.089,,,
135432468,亗 Zizou 亗,13.766.952,677.527,58.386,113.891,134360188,ʷʷᶜMagnus,13.122.995,123.646,0,15.891,134360188,ʷʷᶜMagnus,13.122.995,,,
133951041,broudl,13.739.932,211.564,0,0,133824669,ᴷᴮLancer,13.136.653,1.417.126,8.107,548.183,133824669,ᴷᴮLancer,13.136.653,,,
133717100,ᴮᴾM2K bAsaH,13.748.107,368.401,0,125.826,133634979,ᴸᴼⱽposipi,13.090.751,96.711,0,11.975,133634979,ᴸᴼⱽposipi,13.090.751,,,
134937704,ImNotDutch,13.717.029,51.600,0,241.804,133996272,ᴮᴹ Konhik,13.081.851,14.785,0,0,133996272,ᴮᴹ Konhik,13.081.851,,,
134439953,BaoQuan,13.716.682,256.061,3.227,222.063,134362481,BéoNè,13.064.205,152.730,0,584.714,134362481,BéoNè,13.064.205,,,
106798971,ᴮᶠKenshin,13.617.170,1.744.372,78.983,1.241.129,134420159,ᴳᴰ Diablo,13.067.494,85.292,0,190.503,134420159,ᴳᴰ Diablo,13.067.494,,,
134591587,HieuBeTi,13.584.471,1.760.068,34.943,1.084.857,134403845,RED MACUBAY,13.065.217,156.102,0,324.297,134403845,RED MACUBAY,13.065.217,,,
133742668,ᴮᴾULat BuLu,13.594.277,141.009,3.425,143.728,133742668,ᴮᴾULat BuLu,13.040.316,141.008,3.425,143.728,133742668,ᴮᴾULat BuLu,13.040.316,,,
133787186,ᴮˢfifi59,13.566.410,94.623,6.204,187.289,134317084,Clarke73,13.007.328,41.106,0,257.994,134317084,Clarke73,13.007.328,,,
78650000,Sir ShreK,13.532.730,311.292,874,386.162,133639745,ᴮˢFeldherr,12.992.168,60.880,0,33.086,133639745,ᴮˢFeldherr,12.992.168,,,
133590210,ᴷᴮTlaloc亗,13.524.724,184.152,1.844,71.397,134228830,ALFMOBR,12.987.869,441.360,0,198.677,134228830,ALFMOBR,12.987.869,,,
134422180,ᴮᶠEvil1975,13.508.726,77.846,7.779,86.079,134370984,Couscous du 93,12.982.794,33.936,12.478,146.401,134370984,Couscous du 93,12.982.794,,,
98755368,PK2,13.386.523,500.083,97.791,1.194.972,134393591,ᴮᴹ TÜRKER,12.955.320,21.139,0,6.656,134393591,ᴮᴹ TÜRKER,12.955.320,,,
134420159,ᴳᴰ Diablo,13.376.939,85.292,0,190.503,134423758,Gormann,12.898.005,5.671,295,116.988,134423758,Gormann,12.898.005,,,
134240587,Rainha Ginga,13.382.374,26.868,0,18.353,134589592,FREDY DER ROTE,13.216.714,339.465,3.513,60.999,134589592,FREDY DER ROTE,13.216.714,,,
133776151,FamOneV,13.342.610,176.270,0,419.301,134673943,ᴮᶠHigorbara,13.024.559,546.806,0,136.191,134673943,ᴮᶠHigorbara,13.024.559,,,
62965280,ANuBiSss,13.341.896,811.471,12.724,981.910,106798971,ᴮᶠKenshin,12.866.116,513.906,89,985.766,106798971,ᴮᶠKenshin,12.866.116,,,
134378525,Ryochann,13.095.383,1.698.953,77.821,298.195,134194372,東川王,12.866.332,23.517,0,1.699,134194372,東川王,12.866.332,,,
134446505,NSK 154,13.321.858,10.424,0,140.466,134420073,MrFir3Fly,12.871.149,50.750,0,147.552,134420073,MrFir3Fly,12.871.149,,,
133873536,PORTGAS D ACE,13.291.089,174.461,0,25.289,134666528,Ad7mai007,12.870.821,445.411,283,151.436,134666528,Ad7mai007,12.870.821,,,
133824669,ᴷᴮLancer,13.285.731,1.417.126,8.107,548.183,134427271,ᴮˢanhkĩsư,12.863.146,99.978,0,599.084,134427271,ᴮˢanhkĩsư,12.863.146,,,
133770992,ᴮᴴZvyye,13.275.274,255.711,0,385.929,134403821,Crystal King 9,12.828.288,87.862,722,361.643,134403821,Crystal King 9,12.828.288,,,
133726220,ᴮᴾShinto麺,13.250.121,403.463,216,132.420,134364040,SuperMaz381,12.781.298,43.598,0,101.520,134364040,SuperMaz381,12.781.298,,,
134612604,DeKAROtion,13.223.595,98.934,12.724,108.110,134304977,Tordensky,12.789.843,15.697,0,25.010,134304977,Tordensky,12.789.843,,,
134453918,tho,13.191.360,29.199,0,132.615,134414739,dhenov,12.769.800,53.468,0,200.799,134414739,dhenov,12.769.800,,,
134363527,Bigboybennern,13.168.254,18.095,1.981,22.692,133467174,tbinh95,12.771.716,218.305,0,238.121,133467174,tbinh95,12.771.716,,,
134204361,ᴮᶠVOID,13.124.185,386.605,21.929,410.016,133808591,颶ぉんぎつね,12.686.843,537.941,93,178.434,133808591,颶ぉんぎつね,12.686.843,,,
134404208,Cutam1995,13.098.167,53.631,0,294.317,134362803,BF68 Angel1ton,12.646.946,61.549,0,166.263,134362803,BF68 Angel1ton,12.646.946,,,
134305102,Huytuyeniu,13.082.536,185.610,1.338,47.135,134350655,Empereur Sun Zi,12.609.403,19.059,0,0,134350655,Empereur Sun Zi,12.609.403,,,
134461015,ᴮᶠELY,13.064.214,370.716,81.286,78.074,134466134,Yiroberto,12.542.429,48.282,0,419.224,134466134,Yiroberto,12.542.429,,,
134673943,ᴮᶠHigorbara,13.050.422,1.368.837,233.580,766.702,107479797,ez3games,12.531.775,2.053.377,8.450,1.047.196,107479797,ez3games,12.531.775,,,
134925399,Revenn farm,13.013.114,73.028,0,35.987,134024500,ᴮᶠBichii,12.534.928,210.143,0,204.891,134024500,ᴮᶠBichii,12.534.928,,,
134624730,ᴮᵐHarleyN,12.987.343,145.062,1.972,100.427,133590346,King K Rool,12.511.715,47.104,0,30.348,133590346,King K Rool,12.511.715,,,
133983564,ᴮᴴPppkBayi4,12.959.065,265.624,135,69.697,128025981,ᶻᴹ kakaroto,12.500.371,491.179,47.793,314.569,128025981,ᶻᴹ kakaroto,12.500.371,,,
133527895,ᴮᶠ d e n z,12.893.532,264.903,0,87.726,134401440,wong Fei Hung,12.487.002,35.270,0,30.621,134401440,wong Fei Hung,12.487.002,,,
134374833,rom27top,12.888.199,197.139,23.239,87.772,134624730,ᴮᵐHarleyN,12.482.945,129.833,1.972,100.427,134624730,ᴮᵐHarleyN,12.482.945,,,
134421812,Plushy21,12.894.768,88.223,0,241.011,134380915,Golden Flower,12.481.231,197.781,0,201.881,134380915,Golden Flower,12.481.231,,,
133833082,ᴮᶠ Flavio,12.866.038,508.724,41.909,374.490,133951041,broudl,12.485.672,8.112,0,0,133951041,broudl,12.485.672,,,
136263602,Ba2ousi,12.842.861,57.585,499,78.880,134376314,SeçkiN,12.358.212,59.625,0,444.942,134376314,SeçkiN,12.358.212,,,
132676546,Snakewhisperer3,12.817.957,74.015,20.894,509.600,134925399,Revenn farm,12.351.711,73.028,0,35.987,134925399,Revenn farm,12.351.711,,,
134389231,ᴮˢNewF2pChar,12.788.878,312.751,0,562.389,134439953,BaoQuan,12.308.961,161.535,266,222.063,134439953,BaoQuan,12.308.961,,,
134397149,ATILA,12.768.444,52.564,0,44.617,134387718,暗闇Kurayami,12.336.960,14.392,0,134.994,134387718,暗闇Kurayami,12.336.960,,,
134362535,Trần Lê  92,12.734.905,883.387,14.753,669.406,135432468,VERCINGÉTORIX,12.307.262,617.065,15.866,86.036,135432468,VERCINGÉTORIX,12.307.262,,,
94337967,ᴮᴰ CMH,12.658.776,270.851,21.135,747.460,134384923,rat voyager,12.293.833,752.709,464,741.441,134384923,rat voyager,12.293.833,,,
134593713,Maick,12.621.798,328.061,0,148.855,133527895,ᴮᶠ d e n z,12.262.731,264.903,0,87.726,133527895,ᴮᶠ d e n z,12.262.731,,,
134382249,нAимал,12.728.883,62.172,0,110.009,134394309,YippySkippy,12.260.034,61.342,0,400.416,134394309,YippySkippy,12.260.034,,,
134479355,Sandacz23,12.594.924,72.001,0,0,134197222,FATY,12.258.502,169.481,0,130.311,134197222,FATY,12.258.502,,,
71929602,THUNDER BLUE,12.574.802,1.434.941,77.407,554.631,134395491,Piggy50,12.312.347,77.910,0,35.453,134395491,Piggy50,12.312.347,,,
133788376,ᴮᶠ Al Hasby,12.566.527,13.454,0,68.871,134447261,ᶜⁿLady Alia,12.217.727,11.018,0,113.299,134447261,ᶜⁿLady Alia,12.217.727,,,
134671234,volubled26,12.563.209,400.186,73.534,402.176,134653635,Moderation93,12.219.778,716,0,6.764,134653635,Moderation93,12.219.778,,,
128025981,ᶻᴹ kakaroto,12.553.742,491.179,47.793,314.569,65261919,Habil ŞAHİN,12.320.947,472.853,9.241,1.471.185,65261919,Habil ŞAHİN,12.320.947,,,
134466134,Yiroberto,12.540.592,228.121,40.269,929.424,94337967,ᴮᴰ CMH,12.226.824,270.851,21.135,747.460,94337967,ᴮᴰ CMH,12.226.824,,,
134380915,Golden Flower,12.532.431,197.781,0,201.881,134373883,ᴮᶠCiri,12.219.850,162.253,4.077,87.743,134373883,ᴮᶠCiri,12.219.850,,,
134460364,Fu Ta,12.492.588,35.287,0,227.538,134446276,RENNN,12.188.872,30.102,0,158.080,134446276,RENNN,12.188.872,,,
134340311,caashi13,12.479.368,5.831.730,27.161,2.412.919,134353147,احمد هواش,12.171.872,151.288,0,1.015.302,134353147,احمد هواش,12.171.872,,,
134422727,Axolong tuấn,12.431.748,107.656,0,581.110,134671234,volubled26,12.161.215,225.503,8.193,215.310,134671234,volubled26,12.161.215,,,
134353915,Dropbear09,12.388.628,2.904,0,17.929,135571863,Nunamaker,12.135.524,176.106,149,76.725,135571863,Nunamaker,12.135.524,,,
134120500,Rostow61,12.386.761,112.009,0,5.241,134361136,Frodo141,12.152.280,116.567,0,74.715,134361136,Frodo141,12.152.280,,,
134422277,bulesky,12.376.491,118.675,9.514,734.991,6666588,Meg47StoRm,12.322.989,1.686,0,17.785,6666588,Meg47StoRm,12.322.989,,,
133440545,SnakeBaby,12.354.176,49.945,0,412.293,133938575,ᴮᴾ Minks,12.148.155,457.531,0,254.599,133938575,ᴮᴾ Minks,12.148.155,,,
134634854,DOOMNation,12.319.801,137.477,0,13.702,132676546,Snakewhisperer3,12.116.178,74.015,0,509.600,132676546,Snakewhisperer3,12.116.178,,,
134446276,RENNN,12.309.987,30.102,0,158.080,133440545,SnakeBaby,12.112.449,49.945,0,412.293,133440545,SnakeBaby,12.112.449,,,
134388990,pedigostrong,12.298.359,35.719,0,110.603,134466721,UnKnOwN,12.061.351,7.426,0,0,134466721,UnKnOwN,12.061.351,,,
134360172,ᴮᴹAthos,12.267.919,438.606,0,107.254,134450789,T i t u s,12.048.066,8.449,0,89,134450789,T i t u s,12.048.066,,,
65261919,Habil ŞAHİN,12.264.103,523.643,9.241,1.495.037,133108912,Babysnake4722,12.024.780,45.993,0,530.342,133108912,Babysnake4722,12.024.780,,,
134197222,FATY,12.258.502,169.481,0,130.311,119586220,big SHLEMAGA,12.015.439,934.429,14.068,1.123.626,119586220,big SHLEMAGA,12.015.439,,,
119586220,big SHLEMAGA,12.172.139,934.429,14.068,1.123.626,134461015,ᴮᶠELY,12.010.930,217.573,2.897,37.463,134461015,ᴮᶠELY,12.010.930,,,
134426697,HELLENIC POWER,12.167.984,10.176,0,38.679,134082965,enilorac,12.004.158,4.966,0,6.515,134082965,enilorac,12.004.158,,,
134279571,kayden the cat,12.159.338,5.931,0,40.208,133776151,FamOneV,12.105.778,176.270,0,419.301,133776151,FamOneV,12.105.778,,,
134414103,ⁿᵛᵃATS,12.122.168,411.154,18.748,506.507,134420464,wjwjwjwjwjwjwj,11.954.504,140.926,1.780,104.423,134420464,wjwjwjwjwjwjwj,11.954.504,,,
134436499,Ademeit IV,12.107.838,4.968,0,6.407,134402742,ᴮᶠJeon Sa,11.935.947,337.718,345,123.175,134402742,ᴮᶠJeon Sa,11.935.947,,,
134360477,ᴮᴹPorthos,12.106.785,251.248,0,35.467,134739946,Slyd0riK Junior,11.828.127,3.997,0,26.198,134739946,Slyd0riK Junior,11.828.127,,,
134228830,ALFMOBR,12.316.217,1.137.311,82.380,414.597,133421509,RixtonCoeg,11.784.159,80.405,0,158.483,133421509,RixtonCoeg,11.784.159,,,
135169376,ᴮᴹYoryk185,12.071.003,214.195,0,34.527,134340311,乂Isaac乂,11.790.398,5.707.825,22.186,2.254.841,134340311,乂Isaac乂,11.790.398,,,
133108912,Babysnake4722,12.047.847,45.993,0,530.342,134369520,TronRi,11.715.916,169.828,0,613.506,134369520,TronRi,11.715.916,,,
134402311,ᴮᴹGoodMan,12.034.348,108.186,0,185.572,134395527,ᴮᴴIlhamyeol,11.702.287,11.555,0,125.182,134395527,ᴮᴴIlhamyeol,11.702.287,,,
133735493,sBORZs,11.992.130,172.402,0,187.927,2937802,SnowMan007,11.698.575,179.343,11.777,1.359.293,2937802,SnowMan007,11.698.575,,,
134432628,Hoa MặtTrời,11.976.360,361.084,0,850.842,134436499,Ademeit IV,11.692.438,4.968,0,6.407,134436499,Ademeit IV,11.692.438,,,
134394663,이상한우영우,11.948.267,4.466,0,18.334,134014790,ᶜˢAKSwift,11.689.483,540.234,0,205.057,134014790,ᶜˢAKSwift,11.689.483,,,
134351634,5ik,11.932.041,8.002,0,1.853,134591587,Hiếu 乂 VN,11.686.959,1.257.053,32.716,859.856,134591587,Hiếu 乂 VN,11.686.959,,,
134360903,ᴮᴹAramis,11.932.743,188.617,0,30.769,134623278,Lørdsosa,11.667.147,240.201,0,95.698,134623278,Lørdsosa,11.667.147,,,
134453903,cn Cacodae,11.914.885,5.087,0,19.486,134363527,Bigboybennern,11.606.293,18.095,1.981,22.692,134363527,Bigboybennern,11.606.293,,,
134140365,Angelsissi,11.897.027,201.773,25.888,1.113.049,,,,,,,,,,,,
134358733,Vai vai,11.912.739,22.389,0,79.080,,,,,,,,,,,,
134460806,ᶜⁿIVAR,11.907.336,49.104,13.335,280.714,,,,,,,,,,,,
135142837,ᵂᴼᴰSelwin,11.878.261,48.604,0,10.814,,,,,,,,,,,,
134398204,Pong L3nis,11.893.739,22.893,0,123.199,,,,,,,,,,,,
134252201,Alfaker llah,11.849.274,15.340,0,45.267,,,,,,,,,,,,
99133766,ᴮᴾDariusMT,11.855.406,73.950,0,32.857,,,,,,,,,,,,
134079222,McPandor,11.885.987,52.189,0,237.457,,,,,,,,,,,,
134409071,ᵛᶦᵖ SHIB,11.916.568,171.145,1.829,182.451,,,,,,,,,,,,
134644688,BoBby CroW,11.833.690,24.855,0,149.479,,,,,,,,,,,,